Volume,Cumulative Fraction
81.51788659625376,0.00014609973890642464
81.51788659625376,0.0002921994778128493
81.51788659625376,0.00043829921671927394
81.51788659625376,0.0005843989556256986
81.51788659625376,0.0007304986945321233
86.4627756003105,0.0008854608686975986
86.4627756003105,0.001040423042863074
86.4627756003105,0.0011953852170285492
86.4627756003105,0.0013503473911940247
86.4627756003105,0.0015053095653595
86.4627756003105,0.0016602717395249752
86.4627756003105,0.0018152339136904506
86.4627756003105,0.001970196087855926
91.13976790567119,0.0021335405617007937
91.13976790567119,0.002296885035545662
91.13976790567119,0.0024602295093905306
91.13976790567119,0.002623573983235399
91.13976790567119,0.0027869184570802675
91.13976790567119,0.002950262930925136
91.13976790567119,0.003113607404770004
91.13976790567119,0.0032769518786148724
91.13976790567119,0.003440296352459741
91.13976790567119,0.0036036408263046093
91.13976790567119,0.003766985300149478
91.13976790567119,0.003930329773994346
91.13976790567119,0.004093674247839215
91.13976790567119,0.004257018721684083
91.13976790567119,0.004420363195528951
91.13976790567119,0.00458370766937382
91.13976790567119,0.004747052143218688
91.13976790567119,0.0049103966170635565
91.13976790567119,0.0050737410909084246
91.13976790567119,0.005237085564753293
91.13976790567119,0.0054004300385981615
95.58819499964193,0.005571747168066357
99.83861353544295,0.005750682074003651
99.83861353544295,0.005929616979940945
99.83861353544295,0.006108551885878239
99.83861353544295,0.0062874867918155325
99.83861353544295,0.006466421697752827
99.83861353544295,0.006645356603690121
99.83861353544295,0.006824291509627415
99.83861353544295,0.007003226415564709
99.83861353544295,0.007182161321502003
99.83861353544295,0.007361096227439297
99.83861353544295,0.007540031133376591
99.83861353544295,0.007718966039313885
99.83861353544295,0.007897900945251179
99.83861353544295,0.008076835851188473
99.83861353544295,0.008255770757125767
99.83861353544295,0.008434705663063062
99.83861353544295,0.008613640569000354
107.8380276686265,0.008806912356879288
107.8380276686265,0.009000184144758222
107.8380276686265,0.009193455932637156
107.8380276686265,0.00938672772051609
107.8380276686265,0.009579999508395024
107.8380276686265,0.009773271296273959
107.8380276686265,0.009966543084152893
111.62296332229052,0.010166598390764552
111.62296332229052,0.01036665369737621
111.62296332229052,0.01056670900398787
111.62296332229052,0.010766764310599529
111.62296332229052,0.010966819617211188
111.62296332229052,0.011166874923822848
111.62296332229052,0.011366930230434507
111.62296332229052,0.011566985537046166
111.62296332229052,0.011767040843657825
111.62296332229052,0.011967096150269484
115.28370080041401,0.01217371238249012
115.28370080041401,0.012380328614710754
115.28370080041401,0.012586944846931389
115.28370080041401,0.012793561079152022
115.28370080041401,0.013000177311372657
115.28370080041401,0.013206793543593292
115.28370080041401,0.013413409775813926
115.28370080041401,0.013620026008034561
115.28370080041401,0.013826642240255196
115.28370080041401,0.014033258472475831
115.28370080041401,0.014239874704696464
115.28370080041401,0.014446490936917099
115.28370080041401,0.014653107169137734
118.83171882805253,0.01486608230649094
118.83171882805253,0.015079057443844144
118.83171882805253,0.01529203258119735
118.83171882805253,0.015505007718550554
118.83171882805253,0.01571798285590376
118.83171882805253,0.015930957993256965
118.83171882805253,0.01614393313061017
118.83171882805253,0.016356908267963374
122.27682989438064,0.016576057876323012
122.27682989438064,0.01679520748468265
122.27682989438064,0.017014357093042286
122.27682989438064,0.017233506701401925
122.27682989438064,0.017452656309761564
122.27682989438064,0.017671805918121203
122.27682989438064,0.017890955526480838
122.27682989438064,0.018110105134840477
122.27682989438064,0.018329254743200116
122.27682989438064,0.01854840435155975
122.27682989438064,0.01876755395991939
122.27682989438064,0.01898670356827903
128.8910958437363,0.019217707538529135
128.8910958437363,0.019448711508779245
128.8910958437363,0.01967971547902935
128.8910958437363,0.01991071944927946
128.8910958437363,0.020141723419529568
132.07407132813458,0.020378432050518976
132.07407132813458,0.02061514068150838
132.07407132813458,0.020851849312497787
132.07407132813458,0.021088557943487192
132.07407132813458,0.021325266574476597
132.07407132813458,0.021561975205466006
132.07407132813458,0.02179868383645541
132.07407132813458,0.022035392467444816
132.07407132813458,0.02227210109843422
132.07407132813458,0.022508809729423627
135.1821217712577,0.02275108873738438
135.1821217712577,0.022993367745345127
135.1821217712577,0.023235646753305875
135.1821217712577,0.023477925761266623
135.1821217712577,0.02372020476922737
135.1821217712577,0.02396248377718812
138.22030160569432,0.024210207937116073
138.22030160569432,0.024457932097044027
138.22030160569432,0.024705656256971978
138.22030160569432,0.024953380416899932
141.19312131034948,0.025206432587658405
141.19312131034948,0.02545948475841688
141.19312131034948,0.025712536929175352
141.19312131034948,0.02596558909993383
141.19312131034948,0.026218641270692303
141.19312131034948,0.026471693441450776
141.19312131034948,0.02672474561220925
141.19312131034948,0.026977797782967723
141.19312131034948,0.027230849953726197
144.1046260005175,0.027489120244001988
146.95845999512576,0.027752505293981496
146.95845999512576,0.028015890343961
146.95845999512576,0.028279275393940508
146.95845999512576,0.028542660443920013
146.95845999512576,0.02880604549389952
146.95845999512576,0.029069430543879025
146.95845999512576,0.02933281559385853
146.95845999512576,0.029596200643838038
146.95845999512576,0.029859585693817546
146.95845999512576,0.030122970743797058
149.75792030316444,0.030391373102702995
149.75792030316444,0.030659775461608935
149.75792030316444,0.030928177820514876
149.75792030316444,0.031196580179420813
149.75792030316444,0.031464982538326754
149.75792030316444,0.031733384897232694
152.50600126853666,0.03200671248087517
152.50600126853666,0.03228004006451766
152.50600126853666,0.032553367648160136
152.50600126853666,0.03282669523180262
152.50600126853666,0.0331000228154451
152.50600126853666,0.03337335039908758
152.50600126853666,0.033646677982730064
152.50600126853666,0.03392000556637254
152.50600126853666,0.03419333315001503
152.50600126853666,0.034466660733657506
152.50600126853666,0.03473998831729999
152.50600126853666,0.03501331590094247
152.50600126853666,0.035286643484584955
152.50600126853666,0.03555997106822743
155.20543209665334,0.03583813668381176
155.20543209665334,0.03611630229939607
155.20543209665334,0.0363944679149804
155.20543209665334,0.03667263353056472
155.20543209665334,0.03695079914614904
155.20543209665334,0.03722896476173336
155.20543209665334,0.03750713037731768
155.20543209665334,0.037785295992902
155.20543209665334,0.038063461608486324
155.20543209665334,0.03834162722407064
155.20543209665334,0.038619792839654964
155.20543209665334,0.03889795845523928
155.20543209665334,0.039176124070823604
155.20543209665334,0.03945428968640793
155.20543209665334,0.039732455301992244
157.85870860265783,0.04001537622982716
157.85870860265783,0.040298297157662075
157.85870860265783,0.04058121808549699
160.468120232926,0.040868815709132054
160.468120232926,0.04115641333276712
160.468120232926,0.04144401095640218
160.468120232926,0.04173160858003725
160.468120232926,0.04201920620367232
160.468120232926,0.04230680382730738
163.03577319250752,0.04259900330512023
163.03577319250752,0.042891202782933076
163.03577319250752,0.04318340226074593
163.03577319250752,0.04347560173855877
163.03577319250752,0.043767801216371624
163.03577319250752,0.04406000069418447
163.03577319250752,0.04435220017199732
163.03577319250752,0.044644399649810165
163.03577319250752,0.04493659912762302
163.03577319250752,0.04522879860543586
163.03577319250752,0.045520998083248713
163.03577319250752,0.04581319756106156
165.56361034318113,0.04610992753350733
165.56361034318113,0.0464066575059531
168.05342840673816,0.04670784983364629
168.05342840673816,0.047009042161339464
168.05342840673816,0.04731023448903264
168.05342840673816,0.04761142681672582
168.05342840673816,0.047912619144418994
168.05342840673816,0.04821381147211218
168.05342840673816,0.048515003799805355
168.05342840673816,0.04881619612749853
168.05342840673816,0.04911738845519171
168.05342840673816,0.049418580782884886
168.05342840673816,0.04971977311057807
168.05342840673816,0.050020965438271246
170.50689290655856,0.050326554966846425
170.50689290655856,0.050632144495421604
170.50689290655856,0.05093773402399678
170.50689290655856,0.05124332355257196
170.50689290655856,0.051548913081147146
170.50689290655856,0.051854502609722325
172.925551200621,0.052164426958053275
172.925551200621,0.05247435130638422
172.925551200621,0.05278427565471517
172.925551200621,0.05309420000304612
172.925551200621,0.05340412435137707
172.925551200621,0.05371404869970802
172.925551200621,0.05402397304803897
172.925551200621,0.05433389739636992
172.925551200621,0.054643821744700866
172.925551200621,0.054953746093031816
172.925551200621,0.05526367044136277
172.925551200621,0.05557359478969372
175.31084389571728,0.05588779415856948
175.31084389571728,0.056201993527445246
175.31084389571728,0.05651619289632102
175.31084389571728,0.05683039226519678
175.31084389571728,0.057144591634072546
177.66411488203946,0.057463008632857936
177.66411488203946,0.057781425631643325
177.66411488203946,0.058099842630428715
179.98662018663632,0.05842242211959233
179.98662018663632,0.058745001608755947
179.98662018663632,0.059067581097919576
179.98662018663632,0.0593901605870832
179.98662018663632,0.05971274007624682
179.98662018663632,0.060035319565410444
182.27953581134238,0.06036200851310018
182.27953581134238,0.06068869746078992
182.27953581134238,0.06101538640847966
182.27953581134238,0.061342075356169395
182.27953581134238,0.06166876430385914
182.27953581134238,0.06199545325154888
182.27953581134238,0.062322142199238616
184.54396469402192,0.06265288955033337
184.54396469402192,0.06298363690142811
184.54396469402192,0.06331438425252285
184.54396469402192,0.06364513160361761
184.54396469402192,0.06397587895471235
184.54396469402192,0.0643066263058071
184.54396469402192,0.06463737365690185
186.78094291007946,0.06497213021317784
186.78094291007946,0.06530688676945383
186.78094291007946,0.06564164332572982
186.78094291007946,0.0659763998820058
186.78094291007946,0.06631115643828181
186.78094291007946,0.0666459129945578
186.78094291007946,0.06698066955083379
186.78094291007946,0.06731542610710978
188.99144521318502,0.0676541444173372
188.99144521318502,0.06799286272756463
188.99144521318502,0.06833158103779206
188.99144521318502,0.06867029934801949
188.99144521318502,0.06900901765824692
188.99144521318502,0.06934773596847435
188.99144521318502,0.06968645427870178
188.99144521318502,0.07002517258892921
191.17638999928386,0.07036780684786559
191.17638999928386,0.07071044110680198
191.17638999928386,0.07105307536573836
191.17638999928386,0.07139570962467474
191.17638999928386,0.07173834388361112
191.17638999928386,0.07208097814254752
191.17638999928386,0.0724236124014839
191.17638999928386,0.07276624666042028
191.17638999928386,0.07310888091935668
191.17638999928386,0.07345151517829306
193.33664376560446,0.07379802113366822
193.33664376560446,0.0741445270890434
193.33664376560446,0.07449103304441856
193.33664376560446,0.07483753899979374
193.33664376560446,0.07518404495516891
193.33664376560446,0.07553055091054407
195.47302512607257,0.07588088577724167
195.47302512607257,0.07623122064393925
195.47302512607257,0.07658155551063685
195.47302512607257,0.07693189037733443
195.47302512607257,0.07728222524403203
195.47302512607257,0.07763256011072962
195.47302512607257,0.0779828949774272
197.58630843590393,0.07833701735816243
197.58630843590393,0.07869113973889766
197.58630843590393,0.07904526211963288
197.58630843590393,0.0793993845003681
197.58630843590393,0.07975350688110333
197.58630843590393,0.08010762926183855
199.6772270708859,0.08046549907371313
199.6772270708859,0.0808233688855877
199.6772270708859,0.0811812386974623
201.74647640072448,0.0815428171038484
201.74647640072448,0.08190439551023451
201.74647640072448,0.08226597391662062
201.74647640072448,0.08262755232300673
201.74647640072448,0.08298913072939283
201.74647640072448,0.08335070913577894
201.74647640072448,0.08371228754216505
203.79471649063439,0.0840775368894311
203.79471649063439,0.08444278623669718
203.79471649063439,0.08480803558396324
203.79471649063439,0.0851732849312293
203.79471649063439,0.08553853427849538
203.79471649063439,0.08590378362576144
205.82257456092614,0.08627266738440614
205.82257456092614,0.08664155114305085
207.8306472305708,0.08701403385285819
207.8306472305708,0.08738651656266552
209.81950256748758,0.08776256378153435
209.81950256748758,0.08813861100040317
209.81950256748758,0.088514658219272
209.81950256748758,0.08889070543814083
209.81950256748758,0.08926675265700966
209.81950256748758,0.08964279987587849
209.81950256748758,0.09001884709474732
209.81950256748758,0.09039489431361614
209.81950256748758,0.09077094153248497
209.81950256748758,0.0911469887513538
209.81950256748758,0.09152303597022263
209.81950256748758,0.09189908318909146
209.81950256748758,0.09227513040796027
209.81950256748758,0.0926511776268291
209.81950256748758,0.09302722484569793
209.81950256748758,0.09340327206456676
211.78968196552418,0.09378285032070446
211.78968196552418,0.09416242857684218
211.78968196552418,0.09454200683297989
211.78968196552418,0.09492158508911759
211.78968196552418,0.0953011633452553
211.78968196552418,0.095680741601393
211.78968196552418,0.09606031985753072
211.78968196552418,0.09643989811366842
211.78968196552418,0.09681947636980613
211.78968196552418,0.09719905462594385
211.78968196552418,0.09757863288208155
213.7417018657048,0.09796170962928256
213.7417018657048,0.0983447863764836
213.7417018657048,0.09872786312368462
215.676055337253,0.09911440669944248
215.676055337253,0.09950095027520034
215.676055337253,0.0998874938509582
215.676055337253,0.10027403742671608
215.676055337253,0.10066058100247394
215.676055337253,0.1010471245782318
215.676055337253,0.10143366815398966
215.676055337253,0.10182021172974753
217.59321353210393,0.10221019131597384
217.59321353210393,0.10260017090220015
217.59321353210393,0.10299015048842647
217.59321353210393,0.10338013007465278
217.59321353210393,0.10377010966087909
217.59321353210393,0.1041600892471054
217.59321353210393,0.10455006883333172
219.49362702506363,0.10494345441947692
219.49362702506363,0.10533684000562213
219.49362702506363,0.10573022559176734
219.49362702506363,0.10612361117791254
219.49362702506363,0.10651699676405775
219.49362702506363,0.10691038235020295
219.49362702506363,0.10730376793634816
219.49362702506363,0.10769715352249336
221.37772705041422,0.1080939158708839
221.37772705041422,0.10849067821927444
221.37772705041422,0.10888744056766497
221.37772705041422,0.10928420291605552
221.37772705041422,0.10968096526444605
221.37772705041422,0.1100777276128366
223.24592664458103,0.11047783822605992
223.24592664458103,0.11087794883928323
223.24592664458103,0.11127805945250654
223.24592664458103,0.11167817006572987
223.24592664458103,0.11207828067895319
223.24592664458103,0.1124783912921765
223.24592664458103,0.11287850190539982
223.24592664458103,0.11327861251862315
223.24592664458103,0.11367872313184646
223.24592664458103,0.11407883374506977
223.24592664458103,0.1144789443582931
223.24592664458103,0.11487905497151642
223.24592664458103,0.11527916558473973
225.0986217034383,0.1156825966749243
225.0986217034383,0.11608602776510886
225.0986217034383,0.11648945885529342
225.0986217034383,0.11689288994547799
225.0986217034383,0.11729632103566255
225.0986217034383,0.11769975212584712
226.9361919619204,0.11810647658569812
226.9361919619204,0.1185132010455491
226.9361919619204,0.11891992550540009
226.9361919619204,0.11932664996525108
226.9361919619204,0.11973337442510208
226.9361919619204,0.12014009888495307
226.9361919619204,0.12054682334480406
226.9361919619204,0.12095354780465505
226.9361919619204,0.12136027226450603
226.9361919619204,0.12176699672435704
226.9361919619204,0.12217372118420802
226.9361919619204,0.12258044564405901
226.9361919619204,0.12298717010391
226.9361919619204,0.123393894563761
226.9361919619204,0.12380061902361199
228.75900190280498,0.1242106103990757
228.75900190280498,0.12462060177453942
228.75900190280498,0.12503059315000314
228.75900190280498,0.12544058452546686
228.75900190280498,0.12585057590093057
228.75900190280498,0.1262605672763943
228.75900190280498,0.126670558651858
228.75900190280498,0.12708055002732171
228.75900190280498,0.12749054140278543
230.56740160082802,0.1279037738672267
230.56740160082802,0.12831700633166795
230.56740160082802,0.12873023879610923
230.56740160082802,0.12914347126055048
230.56740160082802,0.12955670372499176
232.36172750766738,0.12997315205477802
232.36172750766738,0.1303896003845643
232.36172750766738,0.13080604871435056
232.36172750766738,0.13122249704413683
232.36172750766738,0.1316389453739231
234.1423031827812,0.1320585849253185
234.1423031827812,0.13247822447671392
234.1423031827812,0.13289786402810932
234.1423031827812,0.13331750357950475
234.1423031827812,0.13373714313090015
235.90943997459573,0.1341599498181804
235.90943997459573,0.13458275650546067
235.90943997459573,0.1350055631927409
235.90943997459573,0.13542836988002116
235.90943997459573,0.13585117656730142
235.90943997459573,0.13627398325458168
235.90943997459573,0.1366967899418619
237.66343765610506,0.1371227402165683
237.66343765610506,0.13754869049127472
237.66343765610506,0.13797464076598112
237.66343765610506,0.1384005910406875
237.66343765610506,0.1388265413153939
237.66343765610506,0.1392524915901003
239.40458501855662,0.13968156242135782
239.40458501855662,0.14011063325261536
239.40458501855662,0.14053970408387287
239.40458501855662,0.1409687749151304
239.40458501855662,0.14139784574638792
239.40458501855662,0.14182691657764543
239.40458501855662,0.14225598740890297
239.40458501855662,0.14268505824016048
239.40458501855662,0.14311412907141802
239.40458501855662,0.14354319990267553
239.40458501855662,0.14397227073393307
239.40458501855662,0.14440134156519058
239.40458501855662,0.14483041239644812
241.133160426552,0.14526258125227834
241.133160426552,0.14569475010810856
241.133160426552,0.14612691896393878
241.133160426552,0.146559087819769
241.133160426552,0.14699125667559923
241.133160426552,0.14742342553142945
241.133160426552,0.14785559438725968
241.133160426552,0.14828776324308993
241.133160426552,0.14871993209892015
241.133160426552,0.14915210095475037
241.133160426552,0.1495842698105806
242.8494323375849,0.15001951464014568
242.8494323375849,0.1504547594697108
242.8494323375849,0.1508900042992759
242.8494323375849,0.151325249128841
242.8494323375849,0.1517604939584061
242.8494323375849,0.15219573878797119
242.8494323375849,0.1526309836175363
242.8494323375849,0.15306622844710138
244.55365978876128,0.15350452766382064
244.55365978876128,0.15394282688053992
244.55365978876128,0.15438112609725918
244.55365978876128,0.15481942531397844
244.55365978876128,0.1552577245306977
244.55365978876128,0.15569602374741698
246.24609285320074,0.1561373562129011
246.24609285320074,0.1565786886783852
246.24609285320074,0.15702002114386931
246.24609285320074,0.15746135360935343
246.24609285320074,0.15790268607483754
246.24609285320074,0.15834401854032165
246.24609285320074,0.15878535100580574
246.24609285320074,0.15922668347128985
246.24609285320074,0.15966801593677396
246.24609285320074,0.16010934840225807
246.24609285320074,0.16055068086774218
247.9269730683959,0.1609950258764954
247.9269730683959,0.16143937088524857
247.9269730683959,0.16188371589400177
247.9269730683959,0.16232806090275495
247.9269730683959,0.16277240591150813
247.9269730683959,0.16321675092026133
249.59653383860737,0.16366408818510456
249.59653383860737,0.16411142544994778
249.59653383860737,0.164558762714791
249.59653383860737,0.16500609997963422
249.59653383860737,0.16545343724447745
249.59653383860737,0.16590077450932067
251.25500081319183,0.1663510841474931
251.25500081319183,0.16680139378566555
251.25500081319183,0.167251703423838
251.25500081319183,0.16770201306201044
251.25500081319183,0.16815232270018288
251.25500081319183,0.16860263233835532
251.25500081319183,0.16905294197652776
251.25500081319183,0.16950325161470023
252.90259224260038,0.1699565141345985
252.90259224260038,0.1704097766544968
252.90259224260038,0.17086303917439508
252.90259224260038,0.17131630169429338
254.53951931363616,0.17177249798281194
254.53951931363616,0.17222869427133053
254.53951931363616,0.1726848905598491
254.53951931363616,0.17314108684836765
254.53951931363616,0.17359728313688624
254.53951931363616,0.1740534794254048
254.53951931363616,0.1745096757139234
254.53951931363616,0.17496587200244196
254.53951931363616,0.17542206829096055
256.1659864654301,0.1758811796013981
256.1659864654301,0.17634029091183567
256.1659864654301,0.17679940222227322
256.1659864654301,0.1772585135327108
256.1659864654301,0.17771762484314835
256.1659864654301,0.17817673615358592
256.1659864654301,0.1786358474640235
256.1659864654301,0.17909495877446105
256.1659864654301,0.17955407008489863
256.1659864654301,0.18001318139533617
257.7821916874726,0.1804751893358364
257.7821916874726,0.18093719727633661
259.3883268009315,0.18140208379883305
259.3883268009315,0.18186697032132948
259.3883268009315,0.1823318568438259
259.3883268009315,0.18279674336632235
259.3883268009315,0.18326162988881878
259.3883268009315,0.18372651641131524
259.3883268009315,0.18419140293381167
259.3883268009315,0.1846562894563081
259.3883268009315,0.18512117597880454
259.3883268009315,0.18558606250130097
259.3883268009315,0.1860509490237974
259.3883268009315,0.18651583554629386
259.3883268009315,0.1869807220687903
259.3883268009315,0.18744560859128673
260.9845777243874,0.1879133559809239
260.9845777243874,0.18838110337056108
260.9845777243874,0.18884885076019825
260.9845777243874,0.18931659814983542
260.9845777243874,0.1897843455394726
260.9845777243874,0.19025209292910977
260.9845777243874,0.19071984031874695
260.9845777243874,0.19118758770838412
260.9845777243874,0.1916553350980213
262.57112472502905,0.19212592596302608
262.57112472502905,0.19259651682803086
262.57112472502905,0.19306710769303564
262.57112472502905,0.19353769855804043
264.14814265626916,0.19401111582001923
264.14814265626916,0.19448453308199806
264.14814265626916,0.19495795034397687
264.14814265626916,0.19543136760595567
264.14814265626916,0.1959047848679345
264.14814265626916,0.1963782021299133
264.14814265626916,0.1968516193918921
264.14814265626916,0.1973250366538709
265.7158011826671,0.19780126353851005
265.7158011826671,0.19827749042314918
265.7158011826671,0.1987537173077883
267.27426499297803,0.19923273733593602
267.27426499297803,0.19971175736408373
267.27426499297803,0.20019077739223143
267.27426499297803,0.20066979742037916
268.82369400208495,0.20115159439948987
268.82369400208495,0.2016333913786006
268.82369400208495,0.20211518835771133
268.82369400208495,0.20259698533682205
268.82369400208495,0.20307878231593277
268.82369400208495,0.20356057929504348
268.82369400208495,0.2040423762741542
268.82369400208495,0.20452417325326494
270.3642435425154,0.20500873126918642
270.3642435425154,0.20549328928510793
271.8960645461911,0.20598059269419444
271.8960645461911,0.20646789610328098
271.8960645461911,0.2069551995123675
271.8960645461911,0.20744250292145403
271.8960645461911,0.20792980633054053
271.8960645461911,0.20841710973962707
271.8960645461911,0.20890441314871358
273.4193037170135,0.2093944465702482
273.4193037170135,0.2098844799917828
273.4193037170135,0.21037451341331742
273.4193037170135,0.21086454683485203
273.4193037170135,0.21135458025638665
273.4193037170135,0.21184461367792126
274.9341036948426,0.2123373619868321
274.9341036948426,0.21283011029574292
274.9341036948426,0.21332285860465378
274.9341036948426,0.2138156069135646
274.9341036948426,0.21430835522247543
274.9341036948426,0.21480110353138626
274.9341036948426,0.2152938518402971
274.9341036948426,0.21578660014920792
274.9341036948426,0.21627934845811875
276.44060321138863,0.21677479677797465
276.44060321138863,0.21727024509783058
276.44060321138863,0.21776569341768648
276.44060321138863,0.2182611417375424
276.44060321138863,0.2187565900573983
276.44060321138863,0.21925203837725424
276.44060321138863,0.21974748669711014
277.93893723849914,0.22024562039338216
277.93893723849914,0.22074375408965416
277.93893723849914,0.22124188778592618
277.93893723849914,0.22174002148219818
277.93893723849914,0.2222381551784702
277.93893723849914,0.22273628887474223
279.4292371292888,0.22323709354831783
279.4292371292888,0.2237378982218934
279.4292371292888,0.22423870289546902
279.4292371292888,0.22473950756904462
280.911630752531,0.22524296904998306
280.911630752531,0.2257464305309215
280.911630752531,0.22624989201185994
280.911630752531,0.2267533534927984
280.911630752531,0.22725681497373684
280.911630752531,0.22776027645467528
280.911630752531,0.22826373793561372
280.911630752531,0.22876719941655216
280.911630752531,0.2292706608974906
282.38624262069897,0.22977676523900756
282.38624262069897,0.23028286958052452
282.38624262069897,0.23078897392204148
282.38624262069897,0.23129507826355844
282.38624262069897,0.2318011826050754
282.38624262069897,0.23230728694659236
282.38624262069897,0.23281339128810932
283.85319401202133,0.2333221247607803
283.85319401202133,0.23383085823345126
283.85319401202133,0.23433959170612223
283.85319401202133,0.2348483251787932
283.85319401202133,0.23535705865146417
283.85319401202133,0.23586579212413514
283.85319401202133,0.2363745255968061
283.85319401202133,0.23688325906947708
283.85319401202133,0.23739199254214802
283.85319401202133,0.237900726014819
283.85319401202133,0.23840945948748996
283.85319401202133,0.23891819296016092
285.31260308688815,0.23942954204633343
285.31260308688815,0.23994089113250594
285.31260308688815,0.24045224021867848
285.31260308688815,0.24096358930485098
285.31260308688815,0.2414749383910235
285.31260308688815,0.241986287477196
286.7645849989258,0.24250023886560057
286.7645849989258,0.24301419025400514
286.7645849989258,0.24352814164240974
286.7645849989258,0.2440420930308143
286.7645849989258,0.24455604441921888
288.209252001035,0.2450725849997705
288.209252001035,0.2455891255803221
288.209252001035,0.2461056661608737
288.209252001035,0.24662220674142532
288.209252001035,0.24713874732197694
288.209252001035,0.24765528790252853
288.209252001035,0.24817182848308014
288.209252001035,0.24868836906363176
288.209252001035,0.24920490964418335
288.209252001035,0.24972145022473496
289.6467135466689,0.2502405670835155
289.6467135466689,0.25075968394229603
289.6467135466689,0.2512788008010765
289.6467135466689,0.25179791765985704
289.6467135466689,0.2523170345186376
289.6467135466689,0.2528361513774181
289.6467135466689,0.25335526823619864
289.6467135466689,0.2538743850949791
289.6467135466689,0.25439350195375965
291.07707638660935,0.2549151823681742
292.5004446614842,0.2554394138022729
292.5004446614842,0.2559636452363717
292.5004446614842,0.25648787667047046
292.5004446614842,0.25701210810456926
293.91691999025153,0.25753887820452825
293.91691999025153,0.25806564830448725
293.91691999025153,0.2585924184044462
293.91691999025153,0.2591191885044052
293.91691999025153,0.2596459586043642
293.91691999025153,0.2601727287043232
293.91691999025153,0.26069949880428217
293.91691999025153,0.26122626890424117
295.32660155486485,0.2617555654939944
295.32660155486485,0.2622848620837477
295.32660155486485,0.2628141586735009
296.72958618131736,0.2633459697505179
296.72958618131736,0.2638777808275349
296.72958618131736,0.2644095919045519
296.72958618131736,0.2649414029815688
296.72958618131736,0.2654732140585858
296.72958618131736,0.2660050251356028
298.1259684172545,0.26653933886680525
298.1259684172545,0.26707365259800775
298.1259684172545,0.2676079663292102
298.1259684172545,0.2681422800604127
299.5158406063289,0.26867908477822455
299.5158406063289,0.2692158894960364
299.5158406063289,0.2697526942138483
299.5158406063289,0.27028949893166015
300.8992929594647,0.27082878313018505
300.8992929594647,0.27136806732871
300.8992929594647,0.2719073515272349
300.8992929594647,0.2724466357257598
300.8992929594647,0.27298591992428467
300.8992929594647,0.27352520412280956
300.8992929594647,0.27406448832133445
302.27641362318644,0.2746062406526559
302.27641362318644,0.27514799298397735
302.27641362318644,0.2756897453152988
302.27641362318644,0.27623149764662025
302.27641362318644,0.27677324997794167
302.27641362318644,0.2773150023092631
302.27641362318644,0.27785675464058457
303.6472887451585,0.27840096391118346
303.6472887451585,0.27894517318178236
303.6472887451585,0.27948938245238125
303.6472887451585,0.28003359172298015
305.01200253707333,0.2805802468902651
305.01200253707333,0.28112690205755014
305.01200253707333,0.2816735572248351
305.01200253707333,0.2822202123921201
305.01200253707333,0.2827668675594051
305.01200253707333,0.2833135227266901
305.01200253707333,0.28386017789397505
306.3706373350188,0.2844092680629209
306.3706373350188,0.2849583582318667
306.3706373350188,0.2855074484008125
306.3706373350188,0.2860565385697583
306.3706373350188,0.28660562873870415
307.72327365744627,0.28715714315859403
307.72327365744627,0.2877086575784839
307.72327365744627,0.2882601719983738
309.06999026085583,0.2888141000596417
309.06999026085583,0.2893680281209096
309.06999026085583,0.28992195618217753
311.7459708458562,0.29048068024688856
311.7459708458562,0.2910394043115995
311.7459708458562,0.29159812837631055
313.075384002025,0.2921592350704435
313.075384002025,0.2927203417645764
313.075384002025,0.2932814484587093
314.3991758853788,0.2938449277075857
314.3991758853788,0.2944084069564621
314.3991758853788,0.29497188620533843
314.3991758853788,0.2955353654542148
315.71741720531566,0.29610120730988465
315.71741720531566,0.2966670491655545
315.71741720531566,0.2972328910212243
315.71741720531566,0.29779873287689407
315.71741720531566,0.2983645747325639
315.71741720531566,0.2989304165882337
315.71741720531566,0.29949625844390354
317.03017720113854,0.3000644530825103
318.33752368449314,0.3006349908017323
318.33752368449314,0.3012055285209542
318.33752368449314,0.30177606624017617
318.33752368449314,0.30234660395939816
318.33752368449314,0.3029171416786201
319.639523080243,0.303490012895185
319.639523080243,0.3040628841117499
319.639523080243,0.30463575532831483
319.639523080243,0.30520862654487974
319.639523080243,0.30578149776144464
320.936240465852,0.30635669300871476
320.936240465852,0.3069318882559849
320.936240465852,0.307507083503255
322.2277396093408,0.3080845934288803
322.2277396093408,0.30866210335450556
322.2277396093408,0.30923961328013083
322.2277396093408,0.3098171232057561
322.2277396093408,0.3103946331313814
323.5140830058795,0.31097444849501815
323.5140830058795,0.3115542638586549
323.5140830058795,0.3121340792222917
323.5140830058795,0.31271389458592846
323.5140830058795,0.31329370994956524
323.5140830058795,0.31387352531320206
323.5140830058795,0.31445334067683883
323.5140830058795,0.3150331560404756
324.79533191307576,0.3156152677115687
324.79533191307576,0.31619737938266185
324.79533191307576,0.31677949105375497
324.79533191307576,0.31736160272484815
324.79533191307576,0.31794371439594127
326.07154638501504,0.31852811335156694
326.07154638501504,0.3191125123071926
326.07154638501504,0.3196969112628183
326.07154638501504,0.32028131021844397
327.34278530510636,0.32086798754121176
327.34278530510636,0.32145466486397956
327.34278530510636,0.32204134218674735
327.34278530510636,0.32262801950951514
327.34278530510636,0.32321469683228293
328.60910641778463,0.3238036437082943
328.60910641778463,0.32439259058430564
328.60910641778463,0.32498153746031694
328.60910641778463,0.3255704843363283
328.60910641778463,0.32615943121233965
329.87056635911745,0.3267506389292016
329.87056635911745,0.3273418466460635
329.87056635911745,0.3279330543629254
329.87056635911745,0.32852426207978735
329.87056635911745,0.32911546979664924
329.87056635911745,0.3297066775135112
329.87056635911745,0.3302978852303731
329.87056635911745,0.330889092947235
331.12722068636225,0.3314825528921266
331.12722068636225,0.3320760128370181
331.12722068636225,0.3326694727819096
331.12722068636225,0.33326293272680113
331.12722068636225,0.33385639267169265
331.12722068636225,0.33444985261658416
331.12722068636225,0.3350433125614757
331.12722068636225,0.3356367725063672
331.12722068636225,0.3362302324512587
331.12722068636225,0.33682369239615023
331.12722068636225,0.33741715234104175
332.37912390651854,0.33801285599883163
332.37912390651854,0.3386085596566215
332.37912390651854,0.33920426331441134
332.37912390651854,0.3397999669722012
332.37912390651854,0.3403956706299911
333.62632950391486,0.3409936095814049
333.62632950391486,0.3415915485328187
334.86888996687156,0.3421917144526537
334.86888996687156,0.3427918803724886
334.86888996687156,0.34339204629232356
334.86888996687156,0.34399221221215853
336.1068568134763,0.3445945968675449
336.1068568134763,0.34519698152293127
336.1068568134763,0.34579936617831764
336.1068568134763,0.34640175083370395
337.34028061650844,0.3470063460824105
337.34028061650844,0.34761094133111703
337.34028061650844,0.3482155365798235
337.34028061650844,0.34882013182853006
338.56921102754546,0.3494269296173132
338.56921102754546,0.3500337274060963
338.56921102754546,0.3506405251948794
339.79369680028583,0.3512495175578739
339.79369680028583,0.3518585099208684
339.79369680028583,0.35246750228386287
339.79369680028583,0.35307649464685736
341.0137858131171,0.3536876737040077
341.0137858131171,0.3542988527611581
341.0137858131171,0.35491003181830844
341.0137858131171,0.3555212108754588
342.2295250909607,0.3561345688309895
342.2295250909607,0.3567479267865201
342.2295250909607,0.35736128474205076
342.2295250909607,0.35797464269758145
343.4409608264199,0.35859017183850517
343.4409608264199,0.3592057009794289
343.4409608264199,0.3598212301203526
343.4409608264199,0.36043675926127633
343.4409608264199,0.36105228840220005
343.4409608264199,0.3616678175431238
343.4409608264199,0.36228334668404755
344.6481384002595,0.36290103937871043
344.6481384002595,0.36351873207337326
345.851102401242,0.3641385807700352
345.851102401242,0.36475842946669707
345.851102401242,0.365378278163359
345.851102401242,0.36599812686002087
347.0498966453446,0.36662012408547046
347.0498966453446,0.36724212131092004
347.0498966453446,0.36786411853636963
347.0498966453446,0.3684861157618193
348.2445641943809,0.36911025412002246
348.2445641943809,0.36973439247822565
349.4351473740503,0.3703606646490062
349.4351473740503,0.37098693681978673
349.4351473740503,0.37161320899056727
349.4351473740503,0.3722394811613478
349.4351473740503,0.3728657533321283
350.62168779143457,0.37349415206987985
350.62168779143457,0.37412255080763135
350.62168779143457,0.37475094954538285
350.62168779143457,0.3753793482831344
350.62168779143457,0.3760077470208859
350.62168779143457,0.3766361457586374
350.62168779143457,0.37726454449638896
350.62168779143457,0.37789294323414047
350.62168779143457,0.37852134197189197
350.62168779143457,0.3791497407096435
350.62168779143457,0.379778139447395
351.80422635196436,0.3804086575798237
351.80422635196436,0.38103917571225226
351.80422635196436,0.3816696938446809
351.80422635196436,0.3823002119771095
352.98280327587366,0.3829328424040057
352.98280327587366,0.38356547283090187
352.98280327587366,0.384198103257798
352.98280327587366,0.3848307336846942
352.98280327587366,0.3854633641115904
352.98280327587366,0.3860959945384866
352.98280327587366,0.38672862496538274
354.15745811416156,0.38736336065742194
354.15745811416156,0.3879980963494611
354.15745811416156,0.3886328320415003
354.15745811416156,0.38926756773353943
354.15745811416156,0.38990230342557863
355.3282297640789,0.3905391374231494
355.3282297640789,0.39117597142072014
355.3282297640789,0.3918128054182909
355.3282297640789,0.3924496394158617
356.49515648415763,0.3930885648279213
356.49515648415763,0.39372749023998094
356.49515648415763,0.39436641565204056
356.49515648415763,0.3950053410641002
356.49515648415763,0.3956442664761598
356.49515648415763,0.3962831918882194
356.49515648415763,0.39692211730027904
357.65827590879815,0.3975631273032346
357.65827590879815,0.39820413730619014
358.8176250624319,0.3988472251428056
358.8176250624319,0.39949031297942095
359.97324037327263,0.4001354719577482
359.97324037327263,0.40078063093607547
361.1251576866722,0.40142785442841006
361.1251576866722,0.4020750779207447
362.273412278094,0.40272435936260437
363.41803886571705,0.40337569225173014
364.55907162268477,0.4040290701471096
364.55907162268477,0.4046824480424891
364.55907162268477,0.40533582593786854
364.55907162268477,0.405989203833248
365.6965441890089,0.4066446203541597
365.6965441890089,0.4073000368750715
365.6965441890089,0.4079554533959832
365.6965441890089,0.408610869916895
365.6965441890089,0.4092662864378067
366.83048968314193,0.40992373526288567
367.96094071322796,0.4105832101292083
367.96094071322796,0.41124268499553085
367.96094071322796,0.41190215986185347
367.96094071322796,0.4125616347281761
367.96094071322796,0.4132211095944987
369.08792938804385,0.4138826042966882
369.08792938804385,0.41454409899887773
370.2114873276403,0.4152076073882281
370.2114873276403,0.41587111577757846
370.2114873276403,0.4165346241669289
370.2114873276403,0.41719813255627924
370.2114873276403,0.41786164094562966
370.2114873276403,0.41852514933498003
371.33164567369363,0.41919066531859867
371.33164567369363,0.41985618130221736
371.33164567369363,0.420521697285836
371.33164567369363,0.42118721326945463
372.44843509957656,0.42185473080942304
372.44843509957656,0.4225222483493914
373.5618858201589,0.42319176146194337
373.5618858201589,0.4238612745744953
373.5618858201589,0.4245307876870473
374.6720276013455,0.42520229044176433
374.6720276013455,0.4258737931964814
374.6720276013455,0.4265452959511984
375.7788897693608,0.42721878247022177
375.7788897693608,0.4278922689892451
375.7788897693608,0.4285657555082684
376.88250121978774,0.4292412199655271
376.88250121978774,0.42991668442278574
376.88250121978774,0.4305921488800444
376.88250121978774,0.431267613337303
377.98289042637003,0.43194504995775784
377.98289042637003,0.4326224865782127
377.98289042637003,0.4332999231986675
379.0800854495832,0.4339793262575706
379.0800854495832,0.4346587293164737
379.0800854495832,0.4353381323753768
379.0800854495832,0.43601753543427985
379.0800854495832,0.436696938493183
380.1741139449834,0.43737830231535174
380.1741139449834,0.4380596661375205
380.1741139449834,0.4387410299596893
380.1741139449834,0.43942239378185804
380.1741139449834,0.4401037576040268
381.2650031713417,0.44078707656313304
381.2650031713417,0.44147039552223927
381.2650031713417,0.44215371448134544
381.2650031713417,0.44283703344045167
382.3527799985677,0.4435223019583244
382.3527799985677,0.4442075704761972
383.4374709154324,0.44489478302214
383.4374709154324,0.44558199556808276
383.4374709154324,0.4462692081140255
383.4374709154324,0.44695642065996827
384.51910203709394,0.44764557175008907
384.51910203709394,0.44833472284020986
384.51910203709394,0.4490238739303307
384.51910203709394,0.4497130250204515
384.51910203709394,0.4504021761105723
384.51910203709394,0.4510913272006931
384.51910203709394,0.4517804782908139
384.51910203709394,0.45246962938093477
385.59769911243376,0.4531607135774899
385.59769911243376,0.453851797774045
385.59769911243376,0.45454288197060017
385.59769911243376,0.4552339661671553
385.59769911243376,0.45592505036371045
385.59769911243376,0.45661613456026556
385.59769911243376,0.4573072187568207
386.6732875312089,0.458000230667571
386.6732875312089,0.4586932425783214
386.6732875312089,0.4593862544890717
386.6732875312089,0.46007926639982205
386.6732875312089,0.4607722783105724
387.7458923310252,0.4614672125881522
387.7458923310252,0.4621621468657321
387.7458923310252,0.4628570811433119
387.7458923310252,0.46355201542089175
387.7458923310252,0.4642469496984716
387.7458923310252,0.4649418839760514
387.7458923310252,0.46563681825363124
388.8155382041372,0.46633366959492933
388.8155382041372,0.46703052093622743
388.8155382041372,0.4677273722775255
388.8155382041372,0.4684242236188236
388.8155382041372,0.4691210749601217
388.8155382041372,0.4698179263014197
388.8155382041372,0.4705147776427178
389.88224950408147,0.47121354078827044
389.88224950408147,0.471912303933823
390.94605025214514,0.47261297366721816
390.94605025214514,0.4733136434006133
392.0069641436779,0.47401621454790704
392.0069641436779,0.4747187856952007
392.0069641436779,0.4754213568424944
392.0069641436779,0.47612392798978814
392.0069641436779,0.47682649913708186
393.06501455424996,0.47753096656622473
393.06501455424996,0.47823543399536766
393.06501455424996,0.47893990142451054
393.06501455424996,0.47964436885365347
393.06501455424996,0.48034883628279634
394.1202245456616,0.4810551949030713
394.1202245456616,0.48176155352334626
394.1202245456616,0.4824679121436213
394.1202245456616,0.48317427076389624
394.1202245456616,0.4838806293841712
395.17261687180786,0.48458887414564167
395.17261687180786,0.4852971189071122
395.17261687180786,0.4860053636685827
396.2222139844037,0.4867154895615509
397.26903803857226,0.4874274916160265
397.26903803857226,0.4881394936705021
397.26903803857226,0.48885149572497766
397.26903803857226,0.48956349777945324
397.26903803857226,0.4902754998339288
397.26903803857226,0.4909875018884044
398.3131108983014,0.4917013751735826
398.3131108983014,0.4924152484587607
398.3131108983014,0.4931291217439389
398.3131108983014,0.49384299502911705
399.3544541417718,0.4945587346528662
399.3544541417718,0.49527447427661536
399.3544541417718,0.49599021390036446
399.3544541417718,0.4967059535241136
399.3544541417718,0.4974216931478627
400.3930890665603,0.49813929425622183
400.3930890665603,0.4988568953645809
400.3930890665603,0.49957449647293994
400.3930890665603,0.500292097581299
400.3930890665603,0.5010096986896581
400.3930890665603,0.5017272997980171
401.42903669472196,0.5024467575747015
401.42903669472196,0.503166215351386
401.42903669472196,0.5038856731280703
402.46231777775466,0.5046069827939873
402.46231777775466,0.5053282924599043
402.46231777775466,0.5060496021258213
402.46231777775466,0.5067709117917383
403.49295280144895,0.5074940686045105
404.52096199062703,0.5082190678580084
404.52096199062703,0.5089440671115062
404.52096199062703,0.5096690663650041
405.54636531377304,0.5103959033888863
405.54636531377304,0.5111227404127685
405.54636531377304,0.5118495774366507
405.54636531377304,0.512576414460533
405.54636531377304,0.5133032514844152
406.5691824875592,0.5140319216436776
406.5691824875592,0.5147605918029401
407.58943298126877,0.5154910904974722
407.58943298126877,0.5162215891920043
407.58943298126877,0.5169520878865365
407.58943298126877,0.5176825865810686
407.58943298126877,0.5184130852756007
407.58943298126877,0.5191435839701328
408.6071360211201,0.5198759066342822
409.62231059449397,0.520610048736426
409.62231059449397,0.52134419083857
409.62231059449397,0.5220783329407138
409.62231059449397,0.5228124750428577
409.62231059449397,0.5235466171450016
409.62231059449397,0.5242807592471455
409.62231059449397,0.5250149013492893
410.6349754540669,0.5257508583914147
410.6349754540669,0.5264868154335399
410.6349754540669,0.5272227724756653
411.6451491218523,0.5279605399929548
411.6451491218523,0.5286983075102443
411.6451491218523,0.5294360750275336
411.6451491218523,0.5301738425448231
411.6451491218523,0.5309116100621126
411.6451491218523,0.5316493775794021
411.6451491218523,0.5323871450966915
411.6451491218523,0.533124912613981
412.65284989315415,0.5338644861744068
412.65284989315415,0.5346040597348327
412.65284989315415,0.5353436332952585
412.65284989315415,0.5360832068556843
413.65809584043194,0.5368245820596091
413.65809584043194,0.5375659572635338
413.65809584043194,0.5383073324674587
414.66090481708295,0.5390505049472426
414.66090481708295,0.5397936774270264
415.6612944611416,0.5405386428466412
415.6612944611416,0.5412836082662559
415.6612944611416,0.5420285736858707
415.6612944611416,0.5427735391054853
416.6592821988991,0.5435202931601346
416.6592821988991,0.5442670472147839
416.6592821988991,0.5450138012694332
418.6481206231336,0.5457641198028325
418.6481206231336,0.5465144383362317
418.6481206231336,0.5472647568696309
419.63900513497515,0.5480168513073687
419.63900513497515,0.5487689457451063
419.63900513497515,0.549521040182844
419.63900513497515,0.5502731346205817
420.62755539795734,0.5510270007791201
420.62755539795734,0.5517808669376586
420.62755539795734,0.552534733096197
420.62755539795734,0.5532885992547355
421.61378783129425,0.5540442329799642
421.61378783129425,0.554799866705193
421.61378783129425,0.5555555004304217
421.61378783129425,0.5563111341556504
421.61378783129425,0.557066767880879
422.597718662609,0.5578241650477713
423.57936393104836,0.5585833215600468
423.57936393104836,0.5593424780723222
424.5587394903343,0.5601033898621137
424.5587394903343,0.5608643016519053
424.5587394903343,0.5616252134416968
424.5587394903343,0.5623861252314883
424.5587394903343,0.5631470370212799
425.53586101175006,0.5639097000488074
426.5107439870671,0.5646741103020555
426.5107439870671,0.5654385205553035
426.5107439870671,0.5662029308085517
426.5107439870671,0.5669673410617998
426.5107439870671,0.5677317513150478
427.4834037314096,0.56849790480945
427.4834037314096,0.569264058303852
427.4834037314096,0.5700302117982541
427.4834037314096,0.5707963652926562
428.45385538606297,0.5715642580707821
428.45385538606297,0.5723321508489081
429.42211392122243,0.5731017789801582
429.42211392122243,0.5738714071114083
430.3881941386884,0.5746427666917113
430.3881941386884,0.5754141262720143
430.3881941386884,0.5761854858523172
431.352110674506,0.5769585730038329
431.352110674506,0.5777316601553486
432.3138780015525,0.578506471026176
432.3138780015525,0.5792812818970033
432.3138780015525,0.5800560927678307
433.2735104320725,0.5808326235317195
434.2310221201626,0.5816108703877872
434.2310221201626,0.5823891172438551
434.2310221201626,0.5831673640999229
435.18642706420786,0.5839473232723754
435.18642706420786,0.5847272824448281
436.1397391092688,0.585508950182685
436.1397391092688,0.586290617920542
436.1397391092688,0.5870722856583991
436.1397391092688,0.5878539533962561
437.09097194942274,0.5886373259730803
438.04013913005844,0.5894223996867108
438.04013913005844,0.5902074734003414
438.04013913005844,0.590992547113972
438.98725405012726,0.5917793182862625
438.98725405012726,0.5925660894585529
439.9323299643491,0.5933545544351123
439.9323299643491,0.5941430194116718
439.9323299643491,0.5949314843882312
439.9323299643491,0.5957199493647906
439.9323299643491,0.59650841434135
439.9323299643491,0.5972968793179094
439.9323299643491,0.5980853442944688
440.8753799853774,0.5988754994444073
440.8753799853774,0.5996656545943458
440.8753799853774,0.6004558097442844
440.8753799853774,0.6012459648942229
440.8753799853774,0.6020361200441614
441.81641708592133,0.6028279617598394
442.75545410082844,0.6036214864566206
442.75545410082844,0.6044150111534017
442.75545410082844,0.6052085358501827
443.6925037291263,0.6060037399661902
443.6925037291263,0.6067989440821976
443.6925037291263,0.6075941481982049
443.6925037291263,0.6083893523142123
443.6925037291263,0.6091845564302197
445.56069095489187,0.6099831087888927
446.49185328916207,0.6107833300153395
446.49185328916207,0.6115835512417861
446.49185328916207,0.6123837724682328
446.49185328916207,0.6131839936946795
447.4210777142496,0.6139858803156986
447.4210777142496,0.6147877669367176
448.34837627939567,0.6155913155007029
449.27376090949326,0.6163965225774207
449.27376090949326,0.6172017296541386
449.27376090949326,0.6180069367308565
450.1972434068766,0.6188137989112257
450.1972434068766,0.6196206610915947
451.1188354530771,0.6204291749874702
451.1188354530771,0.6212376888833455
452.0385486105476,0.6220478511273048
452.0385486105476,0.622858013371264
453.8723839238408,0.623671462290966
453.8723839238408,0.624484911210668
453.8723839238408,0.62529836013037
453.8723839238408,0.6261118090500719
454.78652862425497,0.6269268963378379
454.78652862425497,0.6277419836256041
454.78652862425497,0.6285570709133701
454.78652862425497,0.6293721582011361
454.78652862425497,0.6301872454889023
454.78652862425497,0.6310023327766683
454.78652862425497,0.6318174200644343
454.78652862425497,0.6326325073522003
455.6988395283559,0.6334492297214247
456.6093276279846,0.6342675839052015
456.6093276279846,0.6350859380889784
457.51800380560996,0.6359059208399058
457.51800380560996,0.6367259035908333
458.424878835846,0.6375475116808202
458.424878835846,0.6383691197708072
458.424878835846,0.6391907278607943
458.424878835846,0.6400123359507813
458.424878835846,0.6408339440407683
458.424878835846,0.6416555521307554
459.32996338694267,0.642478782350831
459.32996338694267,0.6433020125709065
460.23326802224983,0.6441268617310317
460.23326802224983,0.6449517108911569
460.23326802224983,0.6457765600512821
461.13480320165604,0.6466030249801646
461.13480320165604,0.6474294899090471
461.13480320165604,0.6482559548379296
462.0345792830012,0.649084032382841
462.0345792830012,0.6499121099277523
462.9326065234657,0.6507417969543472
462.9326065234657,0.6515714839809421
462.9326065234657,0.652401171007537
462.9326065234657,0.6532308580341318
462.9326065234657,0.6540605450607268
462.9326065234657,0.6548902320873217
462.9326065234657,0.6557199191139166
463.82889508093376,0.6565512125060553
463.82889508093376,0.6573825058981941
463.82889508093376,0.6582137992903329
464.72345501533476,0.6590466959499054
464.72345501533476,0.6598795926094779
465.61629628996,0.6607140894562309
465.61629628996,0.6615485863029839
465.61629628996,0.6623830831497368
466.50742877275786,0.6632191771211026
467.39686223760606,0.6640568651720307
467.39686223760606,0.6648945532229588
467.39686223760606,0.665732241273887
468.2846063655624,0.6665715203766777
469.1706707460939,0.6674123875208181
469.1706707460939,0.6682532546649586
469.1706707460939,0.6690941218090989
469.1706707460939,0.6699349889532393
469.1706707460939,0.6707758560973797
470.055064878286,0.6716183082893814
470.055064878286,0.6724607604813831
470.9377981720299,0.6733047947446225
471.81887994919146,0.674150408119183
471.81887994919146,0.6749960214937436
471.81887994919146,0.6758416348683042
472.69831944475914,0.6766888244108207
474.45230810343776,0.6775391575245922
474.45230810343776,0.6783894906383636
474.45230810343776,0.6792398237521351
474.45230810343776,0.6800901568659066
476.19983633287757,0.6809436219722838
476.19983633287757,0.6817970870786609
476.19983633287757,0.6826505521850381
476.19983633287757,0.6835040172914153
476.19983633287757,0.6843574823977925
476.19983633287757,0.6852109475041697
477.0711999826119,0.6860659743046368
477.94097499820964,0.6869225599519778
478.80917003711323,0.6877807016144928
480.54085442385554,0.6886419468736212
480.54085442385554,0.6895031921327497
480.54085442385554,0.6903644373918781
481.40436069877796,0.6912272302627833
481.40436069877796,0.6920900231336885
481.40436069877796,0.6929528160045937
481.40436069877796,0.6938156088754988
482.266320853104,0.6946799465871593
482.266320853104,0.6955442842988196
483.12674316226696,0.6964101640950454
483.98563582814006,0.6972775832343463
483.98563582814006,0.6981450023736473
485.6988646751698,0.6990154920327776
485.6988646751698,0.6998859816919079
485.6988646751698,0.700756471351038
486.5532169004115,0.7016284922156772
487.40607157228646,0.7025020416018483
488.25743653826595,0.7033771168396384
488.25743653826595,0.7042521920774285
488.25743653826595,0.7051272673152187
489.10731957752256,0.7060038657486573
489.95572840175953,0.7068819847355949
490.80267065602715,0.7077616216475842
491.6481539195267,0.7086427738697613
491.6481539195267,0.7095239260919385
492.4921857064015,0.7104065910229067
492.4921857064015,0.7112892559538749
493.3347734665159,0.7121734310055896
494.1759245862232,0.7130591136032444
494.1759245862232,0.713944796200899
494.1759245862232,0.7148304787985538
495.01564638912015,0.7157176663804674
496.6908310295434,0.7166078562978048
497.5263082071222,0.7174995435920075
497.5263082071222,0.7183912308862103
499.19306767721474,0.7192859054158967
499.19306767721474,0.7201805799455832
500.02436395277607,0.7210767443589489
501.6828241081791,0.7219758811334223
501.6828241081791,0.7228750179078955
502.51000162638366,0.7237756371842405
502.51000162638366,0.7246762564605854
503.3358197703975,0.7255783558024749
503.3358197703975,0.7264804551443644
504.16028522021446,0.727384032127444
504.16028522021446,0.7282876091105235
504.9834046012978,0.7291926613223126
505.80518448520075,0.7300991863621094
506.6256313901794,0.7310071818408932
506.6256313901794,0.7319151773196769
506.6256313901794,0.7328231727984608
507.44475178179533,0.7337326363387995
509.8942177540924,0.7346464899136932
510.70809571461444,0.7355618021544393
510.70809571461444,0.7364771143951854
511.52067871967574,0.7373938829809109
511.52067871967574,0.7383106515666364
511.52067871967574,0.739227420152362
511.52067871967574,0.7401441887380875
511.52067871967574,0.741060957323813
513.9507193749296,0.7419820811292345
513.9507193749296,0.7429032049346558
513.9507193749296,0.7438243287400771
514.7581836895821,0.7447468997165485
517.1730125050682,0.7456737986494253
517.9754536587205,0.7466021357506346
517.9754536587205,0.7475304728518439
519.576618076427,0.7484616796263622
519.576618076427,0.7493928864008805
519.576618076427,0.7503240931753989
520.3753527802093,0.7512567314753965
521.9691554487748,0.7521922262546709
521.9691554487748,0.7531277210339452
522.7642345927054,0.7540646407870528
523.5581063250642,0.7550029833500204
523.5581063250642,0.755941325912988
524.3507761299463,0.7568810891316714
525.1422494500581,0.757822270861681
525.1422494500581,0.7587634525916904
525.9325316871518,0.7597060506983178
525.9325316871518,0.760648648804945
526.7216282024566,0.7615926611630902
526.7216282024566,0.7625366735212356
527.5095443171023,0.7634820980153356
528.2962853125383,0.7644289325392933
528.2962853125383,0.7653757670632511
528.2962853125383,0.7663226015872087
528.2962853125383,0.7672694361111664
528.2962853125383,0.768216270635124
529.0818564309466,0.769164513092237
529.8662628756495,0.7701141613951289
530.6495098115108,0.7710652134656795
532.2125456262532,0.7720190668738749
532.9923446461185,0.7729743178702311
534.5485299859561,0.7739323579265265
536.8743503822067,0.7748945664146449
537.6473880041699,0.7758581603728665
537.6473880041699,0.7768217543310879
537.6473880041699,0.7777853482893093
537.6473880041699,0.7787489422475308
538.4193157355115,0.7797139196866631
539.1901383431325,0.7806802786260578
539.1901383431325,0.7816466375654525
539.1901383431325,0.7826129965048472
539.959860559909,0.783580734972338
540.7284870850308,0.784549851004181
541.4960225843364,0.7855203426449944
542.2624716906438,0.7864922079476996
542.2624716906438,0.7874640732504048
542.2624716906438,0.78843593855311
543.0278390040754,0.7894091755788729
543.0278390040754,0.7903824126046358
543.7921290923822,0.7913570194228088
544.5553464912599,0.7923329941108735
544.5553464912599,0.7933089687989383
545.3174957046638,0.7942863094424483
546.0785812051192,0.7952650141349731
546.0785812051192,0.7962437188274979
546.838607434027,0.7972237856705671
548.3554996889936,0.7982065711508783
548.3554996889936,0.7991893566311897
551.3767649772029,0.8001775569485166
551.3767649772029,0.8011657572658435
552.8812064227773,0.8021566539055552
553.6318940820657,0.8031488959588395
555.1302240048506,0.8041438233811838
555.8778744769983,0.805140090773728
556.6245207161246,0.8061376963366435
558.1148166114526,0.8071379728697018
558.1148166114526,0.8081382494027601
558.1148166114526,0.8091385259358184
558.1148166114526,0.8101388024688767
558.8584742585776,0.8111404118160279
559.601143655028,0.8121433522060881
559.601143655028,0.8131462925961485
560.3428287302384,0.8141505622649764
563.2998035033964,0.8151601315466911
563.2998035033964,0.8161697008284059
567.7063880240427,0.8171871677737478
567.7063880240427,0.8182046347190898
567.7063880240427,0.8192221016644317
568.4374976483297,0.8202408789347794
569.8969031250081,0.8212622718121797
569.8969031250081,0.82228366468958
571.3525808555122,0.8233076664930117
571.3525808555122,0.8243316682964432
571.3525808555122,0.8253556700998749
571.3525808555122,0.8263796719033065
574.975651916848,0.8274101671250321
577.8577534434961,0.8284458277687051
577.8577534434961,0.8294814884123782
577.8577534434961,0.8305171490560513
577.8577534434961,0.8315528096997243
578.5760355771351,0.8325897576784422
579.2934270933378,0.8336279913960033
579.2934270933378,0.8346662251135644
580.0099312968134,0.8357057429796898
582.1541527732187,0.8367491038085189
582.1541527732187,0.8377924646373478
582.1541527732187,0.8388358254661769
582.8671403677635,0.8398804641409578
584.2905054673352,0.8409276538297323
585.0008893229684,0.8419761166979298
585.7104115841325,0.8430258512013651
586.4190753782177,0.844076855801458
586.4190753782177,0.8451278604015507
587.8338399805031,0.8461814006014687
589.9496254888155,0.8472387327999683
590.6532031097297,0.8482973259794748
591.3559436356192,0.8493571786397117
591.3559436356192,0.8504170312999486
593.4591723626347,0.8514806534539825
593.4591723626347,0.8525442756080165
593.4591723626347,0.8536078977620505
593.4591723626347,0.8546715199160845
593.4591723626347,0.8557351420701184
593.4591723626347,0.8567987642241524
594.8571935516317,0.8578648919697714
599.0316812126578,0.8589385014053953
599.7246041524836,0.8600133527262643
599.7246041524836,0.8610882040471334
601.1080537512644,0.862165534843779
601.1080537512644,0.8632428656404247
601.1080537512644,0.8643201964370704
601.1080537512644,0.865397527233716
603.8654446167565,0.8664797999406875
604.5528272463729,0.8675633046033304
604.5528272463729,0.8686468092659733
604.5528272463729,0.8697303139286162
605.2394292021735,0.8708150491477745
605.2394292021735,0.8718997843669328
605.925253138011,0.8729857487482069
605.925253138011,0.874071713129481
606.6103016927364,0.8751589052832006
606.6103016927364,0.8762460974369203
607.9780831399539,0.8773357409853051
607.9780831399539,0.8784253845336899
612.0630882146647,0.8795223493976752
612.0630882146647,0.8806193142616603
614.0954006854654,0.8817199215203856
615.4465473148925,0.8828229503601653
616.121009486945,0.8839271879990365
616.121009486945,0.8850314256379075
616.7947341381913,0.8861368707540545
616.7947341381913,0.8872423158702013
616.7947341381913,0.8883477609863483
616.7947341381913,0.8894532061024951
617.4677236827785,0.8905598573784292
618.1399805217117,0.8916677135009651
618.1399805217117,0.8927755696235009
621.4903572593317,0.8938894304302484
623.4919416917124,0.8950068785596704
624.822769121998,0.8961267118532351
624.822769121998,0.8972465451467998
627.4759562970055,0.8983711335925123
628.7983517707576,0.8994980920902651
630.1179720087353,0.9006274156661654
630.1179720087353,0.9017567392420658
630.7767468588164,0.902887243501588
634.715037441316,0.9040248061289098
636.0223818490281,0.9051647118331269
637.3270445161503,0.9063069558079122
637.3270445161503,0.9074491997826977
637.3270445161503,0.9085914437574831
643.1652767650012,0.9097441512543598
647.028166011759,0.9109037819816334
647.6697409497608,0.9120645625661328
647.6697409497608,0.9132253431506321
648.3106809788962,0.9143872724544472
648.3106809788962,0.9155492017582623
651.5059230108888,0.9167168577074322
652.1430927700301,0.9178856556186835
652.1430927700301,0.9190544535299349
653.4155683073674,0.9202255320246452
659.111308104291,0.9214068186605616
659.111308104291,0.9225881052964782
660.9989815870516,0.9237727750991386
662.2544413727245,0.9249596949889216
664.1331811512426,0.9261499820340933
665.382727281712,0.9273425085676893
666.006621209008,0.92853615326987
667.8748061443919,0.9297331462106114
674.0646956904869,0.930941232928244
674.0646956904869,0.9321493196458767
675.2958651103148,0.9333596129164303
683.8519910379351,0.9345852408309042
683.8519910379351,0.9358108687453781
684.4590501819214,0.9370375846564394
685.6715560927971,0.9382664736709065
686.277005708415,0.9394964477972978
688.0901581568202,0.940729671530743
688.0901581568202,0.9419628952641882
693.5011732627331,0.9432058168434339
694.6978974889497,0.9444508832414953
697.6807274266054,0.9457012955911422
700.057840710378,0.9469559683018537
707.7283199237872,0.9482243883636943
710.0717975949378,0.9494970085034588
710.6564595281578,0.9507706764986004
710.6564595281578,0.9520443444937419
714.1543795604954,0.95332428160631
714.7357019030363,0.9546052605889022
715.3165518175963,0.9558872805948133
716.4768389578242,0.9571713801154829
723.399481279656,0.9584678866829734
728.5482970127548,0.9597736211716689
729.1181432453695,0.9610803769624278
735.9218814264559,0.962399326695073
736.4860224686172,0.9637192875047028
736.4860224686172,0.9650392483143326
747.6794606510491,0.9663792704683396
747.6794606510491,0.9677192926223466
750.4517336420735,0.9690642833590424
753.2138030953386,0.9704142243912233
762.5300063426834,0.9717808623094356
769.578069499802,0.9731601320588945
770.6566657817358,0.9745413349133658
781.8921005042903,0.9759426743801561
783.4840100596701,0.9773468669333071
789.8195634269011,0.978762414328094
789.8195634269011,0.9801779617228807
806.9859056028979,0.9816242753484252
812.6274391534038,0.9830806999644918
827.8180517159057,0.9845643498267208
831.8220317963677,0.9860551757881931
836.800065652326,0.9875549235885036
842.7348922575928,0.989065308031319
846.1776519940398,0.9905818627309898
854.9668074628192,0.9921141697197939
855.9378092606644,0.9936482169783114
860.2937549967774,0.9951900711435251
871.3266876794399,0.9967516989884992
872.7554834262538,0.9983158875804983
939.6682448298061,1.0
