Filename,Segmentation Time (seconds)
0_1-16_245824983299933,4.980292558670044
0_4-11_016700066800267,2.179675340652466
0_6-16_245824983299933,2.3197195529937744
0_8-16_245824983299933,2.189420700073242
100_12-11_55893536121673,2.2471001148223877
100_2-11_55893536121673,2.287604570388794
100_3-11_55893536121673,2.4446780681610107
100_5-11_55893536121673,2.225520133972168
101_1-11_55893536121673,2.344728469848633
101_15-11_55893536121673,2.139496088027954
101_16-11_55893536121673,2.078340530395508
102_1-11_55893536121673,2.5269463062286377
102_14-11_55893536121673,2.178163766860962
102_16-11_55893536121673,2.059382200241089
103_14-11_55893536121673,2.0352072715759277
103_15-11_55893536121673,2.028818368911743
103_18-11_55893536121673,2.118574619293213
104_0-11_55893536121673,2.3195390701293945
104_10-11_55893536121673,2.3262336254119873
104_14-11_55893536121673,2.078197479248047
104_15-11_55893536121673,2.1778995990753174
104_19-11_55893536121673,2.2614762783050537
104_5-11_55893536121673,2.41267728805542
104_6-6_64638783269962,2.246105909347534
104_8-11_55893536121673,2.293046712875366
105_11-11_55893536121673,2.223010540008545
105_2-11_55893536121673,2.320913076400757
106_19-11_55893536121673,2.158008337020874
106_9-11_55893536121673,2.2814743518829346
107_1-11_55893536121673,2.3429558277130127
107_10-11_55893536121673,2.4725341796875
107_13-6_64638783269962,2.2359793186187744
107_14-11_55893536121673,2.219449281692505
107_15-11_55893536121673,2.049011707305908
107_3-11_55893536121673,2.306784152984619
107_4-11_55893536121673,2.213250160217285
108_10-11_55893536121673,2.397181987762451
108_11-11_55893536121673,2.2733311653137207
108_19-11_55893536121673,2.0545341968536377
109_13-6_64638783269962,2.220881462097168
109_14-11_55893536121673,2.1812429428100586
109_16-11_55893536121673,2.0777201652526855
109_17-11_55893536121673,2.058706045150757
109_3-11_55893536121673,2.3790321350097656
109_7-11_55893536121673,2.3311655521392822
110_10-11_55893536121673,2.44333553314209
110_12-11_55893536121673,2.4172937870025635
110_17-11_55893536121673,2.026705026626587
110_18-11_55893536121673,2.052670955657959
110_3-11_55893536121673,2.3734211921691895
110_8-11_55893536121673,2.368879795074463
111_12-11_55893536121673,2.279947519302368
111_14-11_55893536121673,2.0973360538482666
111_17-11_55893536121673,2.115515947341919
111_19-11_55893536121673,2.0724074840545654
111_2-11_55893536121673,2.281367778778076
112_14-11_55893536121673,2.0676136016845703
112_16-11_55893536121673,2.344419002532959
112_17-11_55893536121673,2.4803338050842285
112_2-11_55893536121673,2.483776569366455
112_3-11_55893536121673,2.2858872413635254
113_12-11_55893536121673,2.256462812423706
113_13-6_64638783269962,2.2639079093933105
113_15-11_55893536121673,2.0387635231018066
113_4-11_55893536121673,2.334352493286133
113_7-11_55893536121673,2.2572221755981445
114_11-11_55893536121673,2.3361964225769043
114_3-11_55893536121673,2.2583930492401123
114_5-11_55893536121673,2.4705257415771484
115_0-11_55893536121673,2.455554723739624
115_16-11_55893536121673,2.2038490772247314
115_2-11_55893536121673,2.297299385070801
115_9-11_55893536121673,2.19875168800354
116_8-11_55893536121673,2.4850339889526367
117_1-11_55893536121673,2.3715169429779053
117_13-6_64638783269962,2.761779308319092
117_16-11_55893536121673,2.2540464401245117
118_19-11_55893536121673,2.1936259269714355
118_8-11_55893536121673,2.2876408100128174
119_10-11_55893536121673,2.1759190559387207
119_13-6_64638783269962,2.173555850982666
119_6-6_64638783269962,2.0651817321777344
119_8-11_55893536121673,2.213163375854492
11_2-16_245824983299933,2.33237624168396
11_3-16_245824983299933,2.4906165599823
11_4-11_016700066800267,2.284907102584839
120_16-11_55893536121673,2.070895195007324
120_7-11_55893536121673,2.4617788791656494
120_8-11_55893536121673,2.4379665851593018
121_1-11_55893536121673,2.3760933876037598
121_10-11_55893536121673,2.2540619373321533
121_11-11_55893536121673,2.354875087738037
121_19-11_55893536121673,2.0672192573547363
121_9-11_55893536121673,2.318159580230713
122_12-11_55893536121673,2.216780662536621
122_13-6_64638783269962,2.1518712043762207
122_7-11_55893536121673,3.284296751022339
123_12-11_55893536121673,3.0192437171936035
123_15-11_55893536121673,2.3207530975341797
123_16-11_55893536121673,2.0944159030914307
123_17-11_55893536121673,2.1012322902679443
123_19-11_55893536121673,2.179178476333618
124_1-11_55893536121673,2.3099429607391357
124_10-11_55893536121673,2.3009793758392334
124_16-11_55893536121673,2.0109851360321045
124_2-11_55893536121673,2.4608805179595947
124_5-11_55893536121673,2.299788236618042
124_7-11_55893536121673,2.2445268630981445
125_0-11_55893536121673,2.3804171085357666
125_19-11_55893536121673,2.0484821796417236
125_3-11_55893536121673,2.204920768737793
126_12-11_55893536121673,2.2736618518829346
126_13-6_64638783269962,2.247115135192871
126_16-11_55893536121673,2.0499026775360107
127_14-11_55893536121673,2.0330729484558105
127_15-11_55893536121673,2.2836616039276123
127_17-11_55893536121673,2.127856731414795
127_20-6_64638783269962,2.1826906204223633
127_9-11_55893536121673,2.2809042930603027
128_14-11_55893536121673,2.21116042137146
128_15-11_55893536121673,2.0436553955078125
128_4-11_55893536121673,2.244845390319824
128_5-11_55893536121673,2.2973451614379883
128_7-11_55893536121673,2.294421911239624
129_13-6_64638783269962,2.245413064956665
129_14-11_55893536121673,2.1291720867156982
129_15-11_55893536121673,2.1895461082458496
129_2-11_55893536121673,2.3075504302978516
129_20-6_64638783269962,2.086505651473999
129_3-11_55893536121673,2.343996047973633
12_1-16_245824983299933,2.273218870162964
12_5-16_245824983299933,2.208228349685669
130_0-11_55893536121673,2.2611067295074463
130_12-11_55893536121673,2.4102156162261963
130_14-11_55893536121673,2.2458958625793457
130_19-11_55893536121673,2.157975435256958
130_6-6_64638783269962,2.223118543624878
131_12-11_55893536121673,2.2234303951263428
131_18-11_55893536121673,2.0545198917388916
132_0-11_55893536121673,2.297461986541748
132_16-11_55893536121673,2.155111074447632
132_20-6_64638783269962,2.0979931354522705
132_8-11_55893536121673,2.352269172668457
133_1-11_55893536121673,2.5248305797576904
133_19-11_55893536121673,2.0726447105407715
134_13-6_64638783269962,2.1365344524383545
134_15-11_55893536121673,2.06282639503479
134_20-6_64638783269962,2.211151123046875
134_7-11_55893536121673,2.2004501819610596
135_10-11_55893536121673,2.2340292930603027
135_11-11_55893536121673,2.307126522064209
135_18-11_55893536121673,2.2483162879943848
135_5-11_55893536121673,2.436174154281616
135_6-6_64638783269962,2.2061767578125
135_8-11_55893536121673,2.2590010166168213
136_0-11_55893536121673,2.247745990753174
136_14-11_55893536121673,2.0859382152557373
136_18-11_55893536121673,2.058108329772949
136_19-11_55893536121673,2.059091806411743
136_5-11_55893536121673,2.2345082759857178
136_8-11_55893536121673,2.2635581493377686
136_9-11_55893536121673,2.3331358432769775
137_0-11_55893536121673,2.4220950603485107
137_18-11_55893536121673,2.2186331748962402
137_5-11_55893536121673,2.2709317207336426
137_8-11_55893536121673,2.2844631671905518
137_9-11_55893536121673,2.3512699604034424
138_1-11_55893536121673,2.3173723220825195
138_17-11_55893536121673,2.0579097270965576
139_1-11_55893536121673,2.2367970943450928
139_11-11_55893536121673,2.5210752487182617
139_15-11_55893536121673,2.200679302215576
139_2-11_55893536121673,2.492117404937744
139_3-11_55893536121673,2.321938991546631
139_5-11_55893536121673,2.3015999794006348
139_6-6_64638783269962,2.2212255001068115
140_1-11_55893536121673,2.2263710498809814
140_10-11_55893536121673,2.2961409091949463
140_13-6_64638783269962,2.338460922241211
140_14-11_55893536121673,2.1761980056762695
140_16-11_55893536121673,2.135776996612549
140_20-6_64638783269962,2.0888266563415527
141_0-11_55893536121673,2.3250927925109863
141_1-11_55893536121673,2.3360233306884766
141_10-11_55893536121673,2.260776996612549
141_13-6_64638783269962,2.1250946521759033
141_15-11_55893536121673,2.0706934928894043
141_17-11_55893536121673,2.0651373863220215
142_0-11_55893536121673,2.27406907081604
142_14-11_55893536121673,2.155522346496582
142_4-11_55893536121673,2.4386489391326904
143_15-11_55893536121673,2.3556110858917236
143_17-11_55893536121673,2.1008453369140625
143_18-11_55893536121673,2.128997802734375
143_4-11_55893536121673,2.2150275707244873
143_5-11_55893536121673,2.2180628776550293
144_11-11_55893536121673,2.3332197666168213
144_13-6_64638783269962,2.1417181491851807
144_6-6_64638783269962,2.0762221813201904
144_9-11_55893536121673,2.428218126296997
145_12-11_55893536121673,2.441941976547241
145_13-6_64638783269962,2.198408842086792
145_15-11_55893536121673,2.3981151580810547
145_20-6_64638783269962,2.1734485626220703
145_6-6_64638783269962,2.2425057888031006
146_0-11_55893536121673,2.455432891845703
146_12-11_55893536121673,2.3249218463897705
146_14-11_55893536121673,2.119088649749756
146_2-11_55893536121673,2.3022830486297607
146_3-11_55893536121673,2.500399351119995
146_6-6_64638783269962,2.276170015335083
147_14-11_55893536121673,2.3113625049591064
147_2-11_55893536121673,2.3079421520233154
147_3-11_55893536121673,2.2509331703186035
148_11-11_55893536121673,2.4462084770202637
148_15-11_55893536121673,2.214414358139038
148_18-11_55893536121673,2.178680896759033
148_19-11_55893536121673,2.1387717723846436
148_3-11_55893536121673,2.5461699962615967
149_10-11_55893536121673,2.382473945617676
149_12-11_55893536121673,2.4728481769561768
149_15-11_55893536121673,2.092095136642456
149_16-11_55893536121673,2.102949857711792
149_20-6_64638783269962,2.320831775665283
150_2-16_245824983299933,2.5666306018829346
150_5-16_245824983299933,2.427447557449341
150_7-16_245824983299933,2.401923418045044
151_4-11_016700066800267,2.5042858123779297
152_3-16_245824983299933,2.4737157821655273
152_5-16_245824983299933,2.2260725498199463
152_9-11_016700066800267,2.202463388442993
153_1-16_245824983299933,2.3480355739593506
153_3-16_245824983299933,2.329881191253662
153_8-16_245824983299933,2.151061534881592
154_4-11_016700066800267,2.17836856842041
155_2-16_245824983299933,2.2764875888824463
155_7-16_245824983299933,2.2339065074920654
155_8-16_245824983299933,2.2646982669830322
156_0-16_245824983299933,2.481938600540161
156_5-16_245824983299933,2.218845844268799
15_1-16_245824983299933,2.394819974899292
15_5-16_245824983299933,2.516652822494507
160_3-16_245824983299933,2.411815643310547
160_6-16_245824983299933,2.220956325531006
160_8-16_245824983299933,2.244304895401001
161_0-16_245824983299933,2.4907288551330566
161_2-16_245824983299933,2.6113851070404053
161_9-11_016700066800267,2.4485559463500977
162_4-11_016700066800267,2.2000505924224854
163_0-16_245824983299933,2.4873197078704834
163_2-16_245824983299933,2.382672071456909
164_2-16_245824983299933,2.96574330329895
164_6-16_245824983299933,2.7186901569366455
165_1-16_245824983299933,2.489370584487915
165_3-16_245824983299933,2.47387957572937
165_4-11_016700066800267,2.4000234603881836
165_7-16_245824983299933,2.303297996520996
166_4-11_016700066800267,2.3869409561157227
166_5-16_245824983299933,2.3360161781311035
166_6-16_245824983299933,2.314328670501709
167_5-16_245824983299933,2.321000099182129
167_9-11_016700066800267,2.524331569671631
168_7-16_245824983299933,2.3493664264678955
168_9-11_016700066800267,2.275050401687622
169_0-16_245824983299933,2.28472900390625
169_9-11_016700066800267,2.3633832931518555
16_3-16_245824983299933,2.458456039428711
170_2-16_245824983299933,2.4195170402526855
170_6-16_245824983299933,2.206561803817749
170_8-16_245824983299933,2.2129950523376465
171_0-16_245824983299933,2.3986737728118896
171_4-11_016700066800267,2.3069610595703125
172_2-16_245824983299933,2.519787311553955
172_5-16_245824983299933,2.271129846572876
172_6-16_245824983299933,2.453967332839966
173_0-16_245824983299933,2.4971258640289307
173_6-16_245824983299933,2.265913248062134
174_2-16_245824983299933,2.3883745670318604
174_5-16_245824983299933,2.2565503120422363
174_6-16_245824983299933,2.29911470413208
175_2-16_245824983299933,2.425187587738037
177_1-16_245824983299933,2.5133798122406006
177_4-11_016700066800267,2.331604480743408
178_5-16_245824983299933,2.378291606903076
179_9-11_016700066800267,2.4302234649658203
17_2-16_245824983299933,2.4811854362487793
17_3-16_245824983299933,2.5203194618225098
17_8-16_245824983299933,2.369119167327881
180_0-16_245824983299933,2.6944832801818848
180_8-16_245824983299933,2.232109785079956
182_3-16_245824983299933,2.5636675357818604
182_5-16_245824983299933,2.3775153160095215
185_1-16_245824983299933,2.641160249710083
185_3-16_245824983299933,2.666620969772339
186_3-16_245824983299933,2.5290896892547607
187_0-16_245824983299933,2.275346279144287
187_2-16_245824983299933,2.447352170944214
187_3-16_245824983299933,2.2942848205566406
189_7-16_245824983299933,2.2655484676361084
190_2-16_245824983299933,2.3998992443084717
190_8-16_245824983299933,2.256321668624878
190_9-11_016700066800267,2.302962064743042
191_6-16_245824983299933,2.385195016860962
191_8-16_245824983299933,2.330397129058838
191_9-11_016700066800267,2.279906749725342
192_2-16_245824983299933,2.5574965476989746
192_5-16_245824983299933,2.4254658222198486
192_7-16_245824983299933,2.2594311237335205
194_2-16_245824983299933,2.5494682788848877
194_5-16_245824983299933,2.2916195392608643
194_7-16_245824983299933,2.3537774085998535
194_9-11_016700066800267,2.4015705585479736
196_3-16_245824983299933,2.636806011199951
197_1-16_245824983299933,2.514699697494507
197_4-11_016700066800267,2.285393714904785
197_8-16_245824983299933,2.254603624343872
197_9-11_016700066800267,2.336986780166626
198_2-16_245824983299933,2.547351837158203
198_6-16_245824983299933,2.3952980041503906
198_7-16_245824983299933,2.3796818256378174
199_2-16_245824983299933,2.509408473968506
199_7-16_245824983299933,2.405568838119507
199_8-16_245824983299933,2.3418819904327393
19_3-16_245824983299933,2.4137046337127686
19_6-16_245824983299933,2.2317099571228027
1_3-16_245824983299933,2.4361839294433594
1_4-11_016700066800267,2.243920087814331
1_9-11_016700066800267,2.376988172531128
200_10-12_998396579369322,2.4590377807617188
201_2-12_998396579369322,2.281466245651245
201_4-12_998396579369322,2.5291223526000977
202_11-11_008017103153394,2.5303633213043213
202_3-12_998396579369322,2.3289010524749756
202_7-12_998396579369322,2.3713369369506836
203_8-12_998396579369322,2.4155795574188232
203_9-12_998396579369322,2.3454320430755615
204_10-12_998396579369322,2.3033838272094727
204_2-12_998396579369322,2.4123027324676514
204_6-12_998396579369322,2.3135900497436523
204_8-12_998396579369322,2.369802951812744
205_10-12_998396579369322,2.5828466415405273
205_2-12_998396579369322,2.4536654949188232
205_3-12_998396579369322,2.374274969100952
205_9-12_998396579369322,2.304727077484131
206_3-12_998396579369322,2.383861541748047
206_7-12_998396579369322,2.4151611328125
207_1-12_998396579369322,2.4341297149658203
207_4-12_998396579369322,2.553635835647583
207_7-12_998396579369322,2.548219680786133
208_0-12_998396579369322,2.5347959995269775
209_1-12_998396579369322,2.4157252311706543
209_5-11_008017103153394,2.2388858795166016
209_6-12_998396579369322,2.281619071960449
209_7-12_998396579369322,2.360499382019043
20_1-16_245824983299933,2.4536688327789307
20_4-11_016700066800267,2.6568515300750732
20_6-16_245824983299933,2.538480281829834
20_9-11_016700066800267,2.2944605350494385
210_1-12_998396579369322,2.5601937770843506
210_2-12_998396579369322,2.3980324268341064
210_3-12_998396579369322,2.430781841278076
210_7-12_998396579369322,2.4469377994537354
210_9-12_998396579369322,2.4051566123962402
211_0-12_998396579369322,2.431225299835205
212_10-12_998396579369322,3.133530616760254
212_2-12_998396579369322,2.5695183277130127
213_2-12_998396579369322,2.3984663486480713
213_5-11_008017103153394,2.420137405395508
215_10-12_998396579369322,2.556840658187866
215_11-11_008017103153394,2.411592483520508
215_3-12_998396579369322,2.373180627822876
215_4-12_998396579369322,2.5137686729431152
215_7-12_998396579369322,2.3579819202423096
216_0-12_998396579369322,2.4193780422210693
216_11-11_008017103153394,2.4105477333068848
216_2-12_998396579369322,2.4531667232513428
216_3-12_998396579369322,2.325631618499756
217_1-12_998396579369322,2.466095447540283
217_5-11_008017103153394,2.399690866470337
218_4-12_998396579369322,2.3905298709869385
218_5-11_008017103153394,2.4479010105133057
218_6-12_998396579369322,2.3575403690338135
218_7-12_998396579369322,2.3834526538848877
218_9-12_998396579369322,2.4064531326293945
219_0-12_998396579369322,2.438809871673584
219_4-12_998396579369322,2.393183708190918
21_6-16_245824983299933,2.2363431453704834
21_7-16_245824983299933,2.3811135292053223
220_6-12_998396579369322,2.4000799655914307
220_7-12_998396579369322,2.3585245609283447
221_10-12_998396579369322,2.453244686126709
221_2-12_998396579369322,2.4153878688812256
221_5-11_008017103153394,2.421525716781616
221_8-12_998396579369322,2.42775821685791
221_9-12_998396579369322,2.4082024097442627
222_5-11_008017103153394,2.4103317260742188
223_3-12_998396579369322,2.5494494438171387
223_5-11_008017103153394,2.4328620433807373
224_4-12_998396579369322,2.7732596397399902
224_9-12_998396579369322,2.5295217037200928
225_0-12_998396579369322,2.492175817489624
225_11-11_008017103153394,2.5977845191955566
225_7-12_998396579369322,2.829385280609131
225_9-12_998396579369322,2.723752737045288
226_11-11_008017103153394,2.609567403793335
226_2-12_998396579369322,2.6558878421783447
227_4-12_998396579369322,2.638017416000366
227_8-12_998396579369322,2.489246129989624
228_2-12_998396579369322,2.560870409011841
228_8-12_998396579369322,2.6705784797668457
229_6-12_998396579369322,2.6477668285369873
22_9-11_016700066800267,2.5446605682373047
230_5-11_008017103153394,2.4903314113616943
230_8-12_998396579369322,2.5643577575683594
231_0-12_998396579369322,2.567528486251831
231_3-12_998396579369322,3.1119818687438965
231_6-12_998396579369322,2.6828572750091553
232_10-12_998396579369322,2.4922525882720947
232_7-12_998396579369322,2.499702215194702
232_8-12_998396579369322,2.4044301509857178
234_11-11_008017103153394,2.383251428604126
235_1-12_998396579369322,2.547379493713379
235_7-12_998396579369322,2.2965903282165527
236_11-11_008017103153394,2.380786180496216
236_7-12_998396579369322,2.6514530181884766
237_6-12_998396579369322,2.5561463832855225
238_1-12_998396579369322,2.373356580734253
238_8-12_998396579369322,2.5429649353027344
239_1-12_998396579369322,2.54919695854187
239_11-11_008017103153394,2.458667039871216
239_5-11_008017103153394,2.4852938652038574
23_5-16_245824983299933,2.2898483276367188
23_7-16_245824983299933,2.293409585952759
240_11-11_008017103153394,2.8606374263763428
240_4-12_998396579369322,2.5289571285247803
241_0-12_998396579369322,2.420067071914673
241_10-12_998396579369322,2.587989091873169
241_11-11_008017103153394,3.2884061336517334
241_5-11_008017103153394,2.6586012840270996
241_7-12_998396579369322,2.662733316421509
241_8-12_998396579369322,2.587768077850342
242_0-12_998396579369322,2.4426896572113037
242_4-12_998396579369322,2.498368978500366
242_6-12_998396579369322,2.5101699829101562
242_9-12_998396579369322,2.492448568344116
243_6-12_998396579369322,2.4992759227752686
243_8-12_998396579369322,2.4164788722991943
244_4-12_998396579369322,2.5490641593933105
245_11-11_008017103153394,2.470590114593506
245_7-12_998396579369322,2.4180796146392822
246_1-12_998396579369322,2.663358688354492
246_2-12_998396579369322,2.864161968231201
246_6-12_998396579369322,2.7452175617218018
246_7-12_998396579369322,2.6956276893615723
247_10-12_998396579369322,2.548588991165161
247_11-11_008017103153394,2.4353935718536377
247_2-12_998396579369322,2.4899537563323975
247_5-11_008017103153394,2.4356637001037598
247_7-12_998396579369322,2.5173399448394775
248_11-11_008017103153394,2.3839035034179688
248_5-11_008017103153394,2.4096240997314453
248_9-12_998396579369322,2.3600425720214844
249_6-12_998396579369322,2.6005513668060303
24_0-16_245824983299933,2.6109890937805176
24_1-16_245824983299933,2.590038776397705
24_5-16_245824983299933,2.249096155166626
250_19-11_55893536121673,2.2181103229522705
250_20-6_64638783269962,2.2482495307922363
251_5-11_55893536121673,2.2588388919830322
251_6-6_64638783269962,2.1457698345184326
251_9-11_55893536121673,2.242401123046875
252_16-11_55893536121673,2.203089952468872
252_17-11_55893536121673,2.1078712940216064
252_18-11_55893536121673,2.097296714782715
252_20-6_64638783269962,2.135059118270874
252_5-11_55893536121673,2.328346014022827
253_10-11_55893536121673,2.316365957260132
253_15-11_55893536121673,2.0613009929656982
253_17-11_55893536121673,2.093259334564209
253_7-11_55893536121673,2.251173973083496
254_0-11_55893536121673,2.4491724967956543
254_9-11_55893536121673,2.3775062561035156
255_0-11_55893536121673,2.2959847450256348
255_18-11_55893536121673,2.062870740890503
255_2-11_55893536121673,2.1706249713897705
255_20-6_64638783269962,2.048793077468872
255_7-11_55893536121673,2.378007650375366
255_8-11_55893536121673,2.363344430923462
257_11-11_55893536121673,2.3268864154815674
257_18-11_55893536121673,2.112112283706665
257_3-11_55893536121673,2.462721109390259
257_5-11_55893536121673,2.4524779319763184
257_6-6_64638783269962,2.308602809906006
257_9-11_55893536121673,2.459073305130005
258_4-11_55893536121673,2.5542101860046387
258_6-6_64638783269962,2.2738544940948486
259_0-11_55893536121673,2.3923821449279785
259_18-11_55893536121673,2.1365067958831787
259_2-11_55893536121673,2.455838203430176
25_6-16_245824983299933,2.4644603729248047
260_10-11_55893536121673,2.5010464191436768
260_12-11_55893536121673,2.434035301208496
260_16-11_55893536121673,2.1887340545654297
260_2-11_55893536121673,2.5137031078338623
260_20-6_64638783269962,2.296112060546875
261_14-11_55893536121673,2.216020107269287
261_16-11_55893536121673,2.1374549865722656
261_5-11_55893536121673,2.428471088409424
261_7-11_55893536121673,2.518048048019409
262_10-11_55893536121673,2.3898801803588867
262_18-11_55893536121673,2.104416847229004
262_4-11_55893536121673,2.300119161605835
262_5-11_55893536121673,2.3876922130584717
263_14-11_55893536121673,2.176577568054199
263_16-11_55893536121673,2.1716830730438232
264_11-11_55893536121673,2.5482401847839355
264_16-11_55893536121673,2.0941245555877686
264_8-11_55893536121673,2.3350069522857666
265_18-11_55893536121673,2.233853816986084
265_19-11_55893536121673,2.175499439239502
265_6-6_64638783269962,2.2397067546844482
266_11-11_55893536121673,2.310387372970581
266_13-6_64638783269962,2.2461977005004883
266_2-11_55893536121673,2.357095956802368
266_4-11_55893536121673,2.3188977241516113
267_0-11_55893536121673,2.4552953243255615
267_13-6_64638783269962,2.1762795448303223
267_19-11_55893536121673,2.215336799621582
267_5-11_55893536121673,2.4585189819335938
267_8-11_55893536121673,2.4851229190826416
268_11-11_55893536121673,2.4265296459198
268_15-11_55893536121673,2.1445443630218506
268_17-11_55893536121673,2.154710054397583
268_19-11_55893536121673,2.219034433364868
268_2-11_55893536121673,2.441575288772583
268_4-11_55893536121673,2.4412364959716797
269_10-11_55893536121673,2.425891876220703
269_13-6_64638783269962,2.3470335006713867
269_14-11_55893536121673,2.1668050289154053
269_18-11_55893536121673,2.1152100563049316
269_20-6_64638783269962,2.148844003677368
269_3-11_55893536121673,2.4540281295776367
269_6-6_64638783269962,2.2330870628356934
26_1-16_245824983299933,2.5234854221343994
26_5-16_245824983299933,2.26613187789917
26_7-16_245824983299933,2.271451711654663
270_13-6_64638783269962,2.4669597148895264
270_15-11_55893536121673,2.2177176475524902
270_17-11_55893536121673,2.1556005477905273
270_3-11_55893536121673,2.3152849674224854
270_8-11_55893536121673,2.3651134967803955
271_0-11_55893536121673,2.4339168071746826
271_10-11_55893536121673,2.385387897491455
271_13-6_64638783269962,2.2372961044311523
271_14-11_55893536121673,2.135540246963501
271_2-11_55893536121673,2.5198938846588135
272_19-11_55893536121673,2.1726737022399902
272_20-6_64638783269962,2.20306134223938
272_3-11_55893536121673,2.4593870639801025
272_4-11_55893536121673,4.3568994998931885
273_13-6_64638783269962,2.8968749046325684
273_15-11_55893536121673,2.3539316654205322
273_8-11_55893536121673,2.5897316932678223
274_12-11_55893536121673,2.6646740436553955
274_14-11_55893536121673,2.2200920581817627
274_16-11_55893536121673,2.350440502166748
274_17-11_55893536121673,2.195403814315796
274_19-11_55893536121673,2.173494577407837
275_0-11_55893536121673,2.4217660427093506
275_15-11_55893536121673,2.096548080444336
275_5-11_55893536121673,2.299577236175537
276_12-11_55893536121673,2.306997537612915
276_15-11_55893536121673,2.319282293319702
276_5-11_55893536121673,2.3265187740325928
276_6-6_64638783269962,2.3981306552886963
277_11-11_55893536121673,2.3910508155822754
277_4-11_55893536121673,2.365767002105713
278_0-11_55893536121673,2.3806228637695312
278_13-6_64638783269962,2.1776247024536133
278_19-11_55893536121673,2.210075616836548
278_2-11_55893536121673,2.290804386138916
278_3-11_55893536121673,2.3933753967285156
278_7-11_55893536121673,2.364417314529419
278_9-11_55893536121673,2.57098650932312
279_20-6_64638783269962,2.2611570358276367
279_5-11_55893536121673,2.430401563644409
279_6-6_64638783269962,2.15085506439209
27_3-16_245824983299933,2.449200391769409
280_12-11_55893536121673,2.4891366958618164
280_16-11_55893536121673,2.1326744556427
280_2-11_55893536121673,2.4220149517059326
281_16-11_55893536121673,2.1122777462005615
281_17-11_55893536121673,2.12314772605896
281_2-11_55893536121673,2.456949472427368
281_20-6_64638783269962,2.4507672786712646
281_4-11_55893536121673,2.3266782760620117
281_6-6_64638783269962,2.236582040786743
282_18-11_55893536121673,2.168794631958008
282_3-11_55893536121673,2.33480167388916
282_6-6_64638783269962,2.220731258392334
282_7-11_55893536121673,2.4063034057617188
283_11-11_55893536121673,2.410886287689209
283_5-11_55893536121673,2.4177324771881104
283_7-11_55893536121673,2.4483935832977295
283_9-11_55893536121673,2.305251359939575
284_0-11_55893536121673,2.3117949962615967
284_12-11_55893536121673,2.4061200618743896
284_13-6_64638783269962,2.1534929275512695
284_19-11_55893536121673,2.23002028465271
284_2-11_55893536121673,2.279780626296997
284_4-11_55893536121673,2.2875077724456787
284_5-11_55893536121673,2.3033668994903564
285_1-11_55893536121673,2.5665476322174072
285_12-11_55893536121673,2.4162142276763916
285_16-11_55893536121673,2.1971747875213623
285_4-11_55893536121673,2.32177734375
286_10-11_55893536121673,2.269742012023926
286_14-11_55893536121673,2.212912082672119
286_15-11_55893536121673,2.086188554763794
286_19-11_55893536121673,2.179438591003418
286_9-11_55893536121673,2.3285293579101562
287_16-11_55893536121673,2.368767261505127
287_17-11_55893536121673,2.167462110519409
287_3-11_55893536121673,2.329345703125
287_9-11_55893536121673,2.4029994010925293
288_12-11_55893536121673,2.216176748275757
288_13-6_64638783269962,2.5771026611328125
288_14-11_55893536121673,2.497307777404785
288_18-11_55893536121673,2.0778303146362305
288_5-11_55893536121673,2.378037929534912
288_8-11_55893536121673,2.678926944732666
289_5-11_55893536121673,2.470334768295288
289_8-11_55893536121673,2.450277805328369
28_5-16_245824983299933,2.1448872089385986
28_9-11_016700066800267,2.21588397026062
290_12-11_55893536121673,2.3082401752471924
290_16-11_55893536121673,2.828479290008545
290_19-11_55893536121673,2.1985607147216797
290_4-11_55893536121673,2.6851909160614014
290_7-11_55893536121673,2.3026363849639893
291_0-11_55893536121673,2.4290103912353516
291_12-11_55893536121673,2.351393461227417
291_9-11_55893536121673,2.3028061389923096
292_17-11_55893536121673,2.0928308963775635
292_4-11_55893536121673,2.3150038719177246
292_7-11_55893536121673,2.2635536193847656
293_13-6_64638783269962,2.162775754928589
293_14-11_55893536121673,2.0956108570098877
293_16-11_55893536121673,2.0801377296447754
293_20-6_64638783269962,2.267270565032959
293_8-11_55893536121673,2.3941919803619385
294_1-11_55893536121673,2.32346773147583
294_10-11_55893536121673,2.2812952995300293
294_17-11_55893536121673,2.0937612056732178
294_3-11_55893536121673,2.229177474975586
294_8-11_55893536121673,2.2815091609954834
295_0-11_55893536121673,2.381481647491455
295_4-11_55893536121673,2.349684715270996
296_16-11_55893536121673,2.2546439170837402
296_2-11_55893536121673,2.451082468032837
296_7-11_55893536121673,2.376551628112793
296_9-11_55893536121673,2.3606295585632324
297_13-6_64638783269962,2.223235607147217
297_16-11_55893536121673,2.141011953353882
297_20-6_64638783269962,2.209951639175415
297_9-11_55893536121673,2.450932502746582
299_16-11_55893536121673,2.169722080230713
299_20-6_64638783269962,2.2838404178619385
299_7-11_55893536121673,2.638709545135498
29_1-16_245824983299933,2.5779173374176025
29_4-11_016700066800267,2.3839070796966553
29_5-16_245824983299933,2.274846076965332
29_8-16_245824983299933,2.3718693256378174
29_9-11_016700066800267,2.3942158222198486
2_3-16_245824983299933,2.4784584045410156
2_4-11_016700066800267,2.450078248977661
30_6-16_245824983299933,2.335904598236084
30_7-16_245824983299933,2.4862804412841797
31_0-16_245824983299933,2.7377829551696777
31_2-16_245824983299933,2.6419484615325928
32_5-16_245824983299933,2.281093120574951
32_6-16_245824983299933,2.28147554397583
32_8-16_245824983299933,2.2881059646606445
33_2-16_245824983299933,2.5737600326538086
33_5-16_245824983299933,2.318990468978882
33_6-16_245824983299933,2.399876832962036
33_9-11_016700066800267,2.4660634994506836
34_3-16_245824983299933,2.611968994140625
34_4-11_016700066800267,2.383615016937256
34_6-16_245824983299933,2.315117597579956
35_0-16_245824983299933,2.367849349975586
35_7-16_245824983299933,2.312978506088257
36_2-16_245824983299933,2.4974772930145264
36_3-16_245824983299933,2.494812488555908
36_5-16_245824983299933,2.3181729316711426
37_9-11_016700066800267,2.383391857147217
38_5-16_245824983299933,2.436915397644043
38_6-16_245824983299933,2.2371318340301514
39_4-11_016700066800267,2.3184010982513428
39_5-16_245824983299933,2.511387825012207
39_8-16_245824983299933,2.266033887863159
3_0-16_245824983299933,2.4062962532043457
3_1-16_245824983299933,2.446305990219116
3_9-11_016700066800267,2.4480350017547607
40_0-16_245824983299933,2.5031633377075195
40_1-16_245824983299933,2.6395609378814697
42_1-16_245824983299933,2.6640686988830566
42_6-16_245824983299933,2.288447618484497
42_8-16_245824983299933,2.419516086578369
43_2-16_245824983299933,2.5940821170806885
44_2-16_245824983299933,2.3333282470703125
44_8-16_245824983299933,2.2915143966674805
45_2-16_245824983299933,2.5403976440429688
45_6-16_245824983299933,2.3423333168029785
46_1-16_245824983299933,2.612497568130493
46_8-16_245824983299933,2.4023053646087646
47_0-16_245824983299933,2.5792202949523926
47_3-16_245824983299933,2.4967892169952393
47_7-16_245824983299933,2.2569220066070557
48_1-16_245824983299933,2.4702441692352295
48_3-16_245824983299933,2.524507761001587
48_6-16_245824983299933,2.3450002670288086
48_9-11_016700066800267,2.3914012908935547
49_0-16_245824983299933,2.413604497909546
4_4-11_016700066800267,2.3805649280548096
4_6-16_245824983299933,2.2317707538604736
50_4-12_998396579369322,2.304905891418457
51_4-12_998396579369322,2.2856943607330322
52_1-12_998396579369322,2.3597445487976074
52_3-12_998396579369322,2.344282627105713
52_5-11_008017103153394,2.3149240016937256
52_6-12_998396579369322,2.3226373195648193
52_8-12_998396579369322,2.2767417430877686
53_0-12_998396579369322,2.4787850379943848
53_3-12_998396579369322,2.4334208965301514
53_8-12_998396579369322,2.2711005210876465
53_9-12_998396579369322,2.5660603046417236
54_0-12_998396579369322,2.3957231044769287
54_2-12_998396579369322,2.346191883087158
54_8-12_998396579369322,2.3019044399261475
55_10-12_998396579369322,2.384746789932251
55_2-12_998396579369322,2.3638970851898193
55_4-12_998396579369322,2.3468129634857178
55_7-12_998396579369322,2.4509828090667725
56_10-12_998396579369322,2.4162116050720215
56_8-12_998396579369322,2.2817301750183105
56_9-12_998396579369322,2.2920806407928467
57_4-12_998396579369322,2.532421588897705
59_0-12_998396579369322,2.354520320892334
59_11-11_008017103153394,2.2437918186187744
59_3-12_998396579369322,2.2638044357299805
59_4-12_998396579369322,2.3125267028808594
59_5-11_008017103153394,2.413691520690918
59_7-12_998396579369322,2.4098808765411377
60_4-12_998396579369322,2.379589557647705
60_7-12_998396579369322,2.624934673309326
60_9-12_998396579369322,2.3917789459228516
61_10-12_998396579369322,2.3991541862487793
61_11-11_008017103153394,2.4013869762420654
62_1-12_998396579369322,2.3844316005706787
62_2-12_998396579369322,2.3656344413757324
62_6-12_998396579369322,2.4394426345825195
63_0-12_998396579369322,2.5286295413970947
63_3-12_998396579369322,2.4962267875671387
63_4-12_998396579369322,2.4372382164001465
63_7-12_998396579369322,2.5803794860839844
64_0-12_998396579369322,2.3703413009643555
64_2-12_998396579369322,2.4574227333068848
64_4-12_998396579369322,2.426830291748047
65_3-12_998396579369322,2.3981637954711914
66_10-12_998396579369322,2.326131582260132
66_11-11_008017103153394,2.3319854736328125
66_2-12_998396579369322,2.3076562881469727
67_4-12_998396579369322,2.2885005474090576
67_5-11_008017103153394,2.3325889110565186
67_6-12_998396579369322,2.338423252105713
67_8-12_998396579369322,2.3465874195098877
68_11-11_008017103153394,2.2877681255340576
68_7-12_998396579369322,2.331570625305176
68_8-12_998396579369322,2.3286893367767334
69_3-12_998396579369322,2.516765594482422
6_6-16_245824983299933,2.269442319869995
70_9-12_998396579369322,2.29128360748291
72_1-12_998396579369322,2.3304038047790527
72_7-12_998396579369322,2.401881456375122
72_8-12_998396579369322,2.3666326999664307
73_2-12_998396579369322,2.292285680770874
74_7-12_998396579369322,2.399536371231079
74_9-12_998396579369322,2.4181435108184814
75_1-12_998396579369322,2.2825064659118652
75_10-12_998396579369322,2.4970896244049072
75_4-12_998396579369322,2.4815893173217773
75_9-12_998396579369322,2.5053107738494873
76_1-12_998396579369322,2.587156057357788
76_3-12_998396579369322,2.3353676795959473
76_4-12_998396579369322,2.3471217155456543
77_11-11_008017103153394,2.2992851734161377
77_2-12_998396579369322,2.3173880577087402
77_5-11_008017103153394,2.3625175952911377
77_6-12_998396579369322,2.5363354682922363
77_9-12_998396579369322,2.4448184967041016
78_3-12_998396579369322,2.3877956867218018
78_4-12_998396579369322,2.434187650680542
7_5-16_245824983299933,2.190720796585083
80_0-12_998396579369322,2.2329649925231934
80_1-12_998396579369322,2.2577390670776367
80_10-12_998396579369322,2.3192062377929688
80_11-11_008017103153394,2.2646870613098145
80_2-12_998396579369322,2.3999879360198975
81_2-12_998396579369322,2.2746105194091797
82_3-12_998396579369322,2.3036410808563232
82_5-11_008017103153394,2.4464759826660156
82_7-12_998396579369322,2.51399564743042
83_10-12_998396579369322,2.4151597023010254
83_11-11_008017103153394,2.213714599609375
83_3-12_998396579369322,2.2948954105377197
83_4-12_998396579369322,2.730767011642456
83_8-12_998396579369322,2.3525078296661377
84_0-12_998396579369322,2.46756911277771
84_1-12_998396579369322,2.4369096755981445
84_7-12_998396579369322,2.310671806335449
85_0-12_998396579369322,2.4182193279266357
85_3-12_998396579369322,2.3971900939941406
86_9-12_998396579369322,2.4389894008636475
87_10-12_998396579369322,2.6178455352783203
87_11-11_008017103153394,2.39088773727417
87_3-12_998396579369322,2.4881558418273926
88_11-11_008017103153394,2.678061008453369
88_2-12_998396579369322,2.5216050148010254
89_6-12_998396579369322,2.3147311210632324
89_8-12_998396579369322,2.3270623683929443
8_0-16_245824983299933,2.4371235370635986
90_2-12_998396579369322,2.5046863555908203
90_3-12_998396579369322,2.3387582302093506
90_9-12_998396579369322,2.2945713996887207
91_3-12_998396579369322,2.414388418197632
91_6-12_998396579369322,2.3839259147644043
92_1-12_998396579369322,2.425016164779663
92_6-12_998396579369322,2.445162057876587
92_7-12_998396579369322,2.3245537281036377
92_9-12_998396579369322,2.471977710723877
93_10-12_998396579369322,2.531583070755005
93_4-12_998396579369322,2.4254069328308105
93_7-12_998396579369322,2.37467885017395
93_9-12_998396579369322,2.3844375610351562
94_11-11_008017103153394,2.3955860137939453
94_4-12_998396579369322,2.4222493171691895
95_0-12_998396579369322,2.3965818881988525
95_3-12_998396579369322,2.4549710750579834
95_4-12_998396579369322,2.440168619155884
95_8-12_998396579369322,2.3375697135925293
95_9-12_998396579369322,2.355910062789917
96_8-12_998396579369322,2.349595546722412
97_3-12_998396579369322,2.4566667079925537
97_5-11_008017103153394,2.380596876144409
97_8-12_998396579369322,2.5140445232391357
98_6-12_998396579369322,2.4663920402526855
9_1-16_245824983299933,2.2505178451538086
9_2-16_245824983299933,2.3050899505615234
9_4-11_016700066800267,2.1874005794525146
