DropletID,CenterX,CenterY,Area,OverlappedDropletsID
1,0,336,8,[6]
2,0,428,11,[]
3,1,267,18,[]
4,1,313,8,[]
5,3,239,11,[]
6,3,328,16,"[1, 19]"
7,4,87,18,[16]
8,4,190,7,[]
9,8,103,13,[]
10,8,249,8,"[18, 23]"
11,9,125,18,[12]
12,9,125,13,[11]
13,10,38,8,[15]
14,10,198,5,[]
15,11,35,7,[13]
16,12,86,13,[7]
17,12,172,11,[]
18,12,248,12,"[10, 23]"
19,12,336,22,"[6, 25, 26]"
20,14,141,18,[31]
21,15,76,13,[]
22,15,155,6,[]
23,15,249,20,"[10, 18, 29]"
24,15,265,5,[]
25,16,330,13,"[19, 26]"
26,18,336,14,"[19, 25, 37]"
27,18,466,13,[]
28,19,6,8,[]
29,19,258,13,[23]
30,19,434,13,[]
31,20,132,14,[20]
32,21,388,18,"[34, 41]"
33,22,152,8,[36]
34,23,397,15,[32]
35,25,235,13,[]
36,26,152,17,[33]
37,26,338,19,[26]
38,27,22,17,[43]
39,30,451,9,[]
40,31,304,18,[]
41,31,385,13,[32]
42,33,461,13,[]
43,34,24,12,[38]
44,34,247,20,[49]
45,35,293,8,[]
46,36,105,4,[]
47,37,2,8,[]
48,37,116,20,[61]
49,37,251,16,[44]
50,38,91,9,[52]
51,38,449,12,[62]
52,39,93,4,[50]
53,39,338,20,"[54, 60]"
54,40,332,11,[53]
55,40,384,11,"[65, 66]"
56,41,163,13,[]
57,41,206,10,[]
58,42,155,12,[69]
59,42,270,14,[]
60,42,348,22,[53]
61,44,123,20,[48]
62,44,449,15,"[51, 72]"
63,46,55,11,[]
64,46,343,4,[]
65,46,380,17,[55]
66,46,391,15,[55]
67,47,225,4,[]
68,48,207,6,[]
69,51,149,19,[58]
70,51,308,11,[]
71,52,216,15,[]
72,54,448,16,[62]
73,55,32,16,"[78, 84]"
74,56,80,6,[76]
75,59,96,16,[90]
76,60,73,21,[74]
77,60,298,13,[]
78,62,38,15,"[73, 83, 84, 92]"
79,62,179,19,[]
80,62,210,13,[89]
81,63,146,7,[]
82,63,328,9,[]
83,65,33,11,"[78, 84]"
84,66,34,16,"[73, 78, 83]"
85,66,111,8,[]
86,66,255,23,[98]
87,66,357,18,[]
88,67,20,20,[]
89,67,207,6,[80]
90,69,101,16,[75]
91,69,438,22,[]
92,70,46,14,[78]
93,70,311,18,[]
94,72,160,14,[]
95,73,12,7,[]
96,73,399,13,[]
97,74,215,23,[]
98,74,247,12,[86]
99,74,347,18,[104]
100,75,90,20,[101]
101,79,80,13,[100]
102,80,331,16,[]
103,80,453,20,[]
104,81,342,10,[99]
105,82,60,11,[]
106,84,112,19,[]
107,86,10,11,[116]
108,86,315,4,[]
109,87,92,9,[]
110,87,167,18,[125]
111,87,348,9,[]
112,88,40,17,[122]
113,89,330,9,[]
114,90,260,13,[]
115,91,314,9,[]
116,92,7,20,[107]
117,92,411,17,[128]
118,93,391,9,[]
119,94,430,12,[]
120,95,143,8,[]
121,95,236,16,[]
122,96,36,18,"[131, 112]"
123,96,256,8,[]
124,97,86,16,[]
125,97,166,15,[110]
126,97,369,22,[]
127,98,323,26,[]
128,99,409,22,"[117, 130]"
129,100,59,18,[]
130,101,403,6,[128]
131,104,31,20,"[122, 144, 151]"
132,104,360,14,[135]
133,106,143,14,[134]
134,106,152,13,[133]
135,108,355,15,"[132, 148]"
136,109,4,6,"[137, 139]"
137,109,13,21,"[136, 139, 151]"
138,110,409,9,[]
139,111,8,18,"[136, 137]"
140,111,77,22,[]
141,111,303,11,[149]
142,111,433,18,[]
143,112,263,13,[]
144,113,37,16,"[131, 145]"
145,113,40,17,[144]
146,114,241,16,[]
147,115,333,15,[152]
148,115,354,16,[135]
149,116,306,12,[141]
150,116,465,14,[]
151,117,22,19,"[131, 137, 163]"
152,117,341,8,[147]
153,118,59,5,[]
154,119,391,7,[]
155,120,208,15,[]
156,120,408,19,[]
157,122,107,11,[]
158,123,151,18,[]
159,123,181,10,[]
160,124,233,12,[166]
161,125,271,12,[]
162,126,191,11,[170]
163,127,21,12,[151]
164,127,301,5,[]
165,127,425,15,[171]
166,128,222,21,"[160, 174, 175]"
167,128,252,10,[173]
168,129,96,18,[]
169,129,178,9,[]
170,129,190,9,[162]
171,129,438,19,[165]
172,130,309,12,[]
173,132,250,13,[167]
174,133,223,17,"[166, 175]"
175,133,228,11,"[166, 174]"
176,133,293,21,"[178, 183, 184]"
177,133,349,18,[186]
178,134,287,14,"[176, 183, 184]"
179,135,145,7,[]
180,135,213,5,[]
181,135,360,13,[189]
182,137,169,18,[]
183,138,284,21,"[176, 178, 184]"
184,138,285,14,"[176, 178, 183]"
185,139,80,19,[188]
186,139,342,15,[177]
187,140,37,15,[192]
188,140,82,10,[185]
189,140,364,14,[181]
190,141,264,17,[]
191,141,389,13,[]
192,142,44,23,[187]
193,142,184,19,[]
194,143,210,12,[]
195,143,461,7,[]
196,146,163,8,[]
197,147,439,19,[201]
198,148,308,11,[]
199,149,102,12,"[203, 204]"
200,149,133,15,[]
201,150,446,13,[197]
202,151,18,14,[]
203,151,104,20,"[199, 204, 218]"
204,151,110,14,"[199, 203]"
205,153,423,14,[]
206,154,373,14,"[214, 215]"
207,155,28,17,[]
208,155,409,16,[]
209,156,148,17,[]
210,158,40,27,[220]
211,158,87,13,[221]
212,158,214,15,[]
213,159,338,14,[219]
214,159,377,7,"[206, 215]"
215,160,376,13,"[206, 214]"
216,160,419,6,[]
217,163,10,15,[]
218,163,100,16,[203]
219,163,338,10,[213]
220,164,40,16,[210]
221,168,86,20,[211]
222,168,454,12,"[223, 225]"
223,169,458,15,"[222, 228]"
224,171,151,3,[]
225,171,446,22,[222]
226,172,263,11,[]
227,172,347,14,[]
228,172,464,9,[223]
229,175,182,21,[242]
230,177,151,9,[]
231,177,222,17,[233]
232,177,304,18,[]
233,178,222,13,[231]
234,178,284,17,[]
235,178,430,13,[]
236,179,135,15,[]
237,179,341,9,[]
238,180,318,15,[]
239,181,162,18,"[250, 259]"
240,181,352,10,"[241, 249, 252]"
241,181,356,8,[240]
242,182,175,14,[229]
243,184,33,15,[]
244,184,54,22,[]
245,185,366,16,[261]
246,186,13,13,[]
247,186,84,25,[]
248,186,144,12,[]
249,188,347,15,"[240, 252, 257]"
250,190,161,17,"[239, 259, 269]"
251,190,268,13,[]
252,190,355,16,"[240, 249, 261]"
253,190,438,13,"[264, 266]"
254,192,323,19,[]
255,192,384,20,[]
256,193,125,21,[]
257,193,343,13,[249]
258,193,457,14,[]
259,194,163,16,"[239, 250, 265, 269]"
260,195,301,16,"[262, 270, 272]"
261,195,360,18,"[245, 252, 271]"
262,196,297,4,"[260, 272]"
263,197,93,9,[]
264,197,436,15,"[253, 266, 273]"
265,198,174,19,[259]
266,198,437,16,"[253, 264, 273]"
267,199,186,11,[]
268,199,231,16,[]
269,200,161,12,"[250, 259]"
270,200,305,16,"[260, 272]"
271,200,357,11,[261]
272,201,300,16,"[260, 262, 270]"
273,201,446,15,"[264, 266]"
274,202,51,15,[277]
275,203,61,3,[]
276,203,99,18,[]
277,204,50,18,[274]
278,205,182,7,[]
279,207,327,13,[]
280,208,128,10,[298]
281,209,378,13,[287]
282,209,428,6,[]
283,210,79,18,[]
284,210,167,22,[288]
285,210,280,22,[]
286,212,136,12,"[298, 300]"
287,212,372,11,[281]
288,213,161,11,[284]
289,213,192,13,"[292, 297]"
290,213,266,15,[]
291,213,311,17,[302]
292,214,193,14,"[289, 297]"
293,215,217,14,[]
294,215,405,24,[295]
295,215,405,18,[294]
296,218,417,25,[]
297,219,184,21,"[289, 292]"
298,220,131,29,"[280, 286, 300]"
299,220,292,8,[]
300,221,129,19,"[286, 298]"
301,223,115,7,[]
302,223,313,19,[291]
303,223,388,11,[]
304,223,433,10,[]
305,225,341,21,[]
306,230,358,9,[]
307,231,249,5,[]
308,232,192,11,[311]
309,232,413,7,[315]
310,233,174,15,[]
311,233,200,19,[308]
312,233,452,24,[]
313,234,96,17,[319]
314,234,233,17,"[322, 323]"
315,234,407,12,[309]
316,235,71,21,[]
317,235,262,15,[]
318,235,398,8,[]
319,236,93,14,[313]
320,238,356,10,[]
321,239,35,18,[]
322,240,238,21,"[314, 323, 324, 330]"
323,241,237,13,"[314, 322, 324]"
324,242,245,17,"[322, 323]"
325,243,15,20,[]
326,243,441,9,[]
327,244,162,8,"[336, 338, 339]"
328,244,453,15,[]
329,245,193,10,"[334, 345]"
330,245,229,6,[322]
331,245,379,13,[343]
332,246,418,11,[]
333,247,4,8,[]
334,248,199,11,"[329, 345]"
335,248,398,23,[353]
336,249,160,13,"[327, 338, 339]"
337,250,48,12,[]
338,250,161,19,"[327, 336, 339]"
339,250,163,17,"[327, 336, 338]"
340,250,317,11,[]
341,251,143,13,[]
342,251,260,15,[]
343,252,377,8,[331]
344,253,108,14,[]
345,254,191,18,"[329, 334]"
346,254,241,11,[]
347,256,176,12,[359]
348,257,323,11,[]
349,258,89,21,[]
350,259,212,21,[360]
351,260,295,11,"[352, 357, 362]"
352,260,303,12,[351]
353,260,403,20,[335]
354,261,453,8,[]
355,263,64,20,"[363, 364, 368]"
356,263,243,14,[367]
357,263,291,14,"[351, 362]"
358,264,140,15,[361]
359,264,172,15,[347]
360,264,204,19,[350]
361,265,144,6,[358]
362,265,289,15,"[351, 357]"
363,267,61,12,"[355, 364, 368]"
364,268,62,21,"[355, 363, 368, 385]"
365,268,100,10,[]
366,268,117,20,[378]
367,268,238,2,[356]
368,269,70,20,"[355, 363, 364, 377, 385]"
369,269,332,10,[]
370,270,341,17,[384]
371,271,315,3,[]
372,272,37,10,[]
373,272,297,6,[]
374,272,359,15,[388]
375,272,402,14,[]
376,274,193,11,[]
377,275,75,19,"[368, 385]"
378,276,126,20,"[366, 379]"
379,276,129,18,[378]
380,276,183,14,[]
381,276,427,17,[]
382,278,247,9,[387]
383,278,290,14,[392]
384,279,342,18,[370]
385,281,65,18,"[364, 368, 377]"
386,281,216,11,[]
387,282,247,10,[382]
388,282,365,23,"[374, 401]"
389,283,406,11,[399]
390,284,414,11,[399]
391,285,384,17,[406]
392,286,290,15,"[383, 407, 415]"
393,286,464,15,[410]
394,287,21,10,"[395, 396, 397]"
395,287,25,16,"[394, 396, 397]"
396,288,13,19,"[394, 395, 397]"
397,288,25,17,"[394, 395, 396]"
398,288,135,13,[412]
399,288,407,14,"[389, 390]"
400,289,304,12,[]
401,289,359,12,[388]
402,290,223,15,[413]
403,290,328,7,[]
404,291,175,13,[414]
405,291,335,9,[]
406,291,381,16,[391]
407,292,292,12,"[392, 415]"
408,292,311,8,[]
409,293,151,15,[]
410,293,465,17,"[393, 427]"
411,294,38,10,[416]
412,294,136,8,[398]
413,294,226,6,"[402, 421]"
414,295,179,13,[404]
415,296,289,17,"[392, 407]"
416,297,34,19,[411]
417,298,411,11,[]
418,299,399,22,[432]
419,300,441,16,[]
420,301,308,17,"[422, 426]"
421,302,228,17,[413]
422,302,308,9,[420]
423,303,126,17,[]
424,303,369,9,[]
425,305,293,9,[]
426,305,300,11,[420]
427,305,461,17,[410]
428,306,213,9,"[436, 437]"
429,307,348,18,[]
430,308,42,17,[]
431,308,183,17,[]
432,308,404,13,[418]
433,308,415,14,[]
434,308,446,10,[]
435,309,14,13,[]
436,309,207,12,"[428, 437]"
437,310,212,7,"[428, 436]"
438,312,320,8,[]
439,313,136,15,[]
440,313,279,12,[]
441,313,372,11,[]
442,315,332,7,"[443, 445]"
443,315,336,19,"[442, 445]"
444,319,102,19,[]
445,319,331,10,"[442, 443, 452]"
446,320,1,16,[]
447,320,225,19,[]
448,320,307,5,[]
449,322,281,11,[]
450,323,446,10,[457]
451,324,152,8,[]
452,324,323,20,"[445, 455, 466]"
453,325,136,11,[465]
454,326,251,10,[460]
455,326,315,14,"[452, 466]"
456,326,403,13,[]
457,326,449,17,[450]
458,327,439,12,[]
459,327,465,9,[462]
460,331,248,13,[454]
461,331,356,13,[]
462,332,463,12,[459]
463,333,71,21,[]
464,333,83,14,[]
465,335,131,18,[453]
466,337,320,20,"[472, 452, 455]"
467,338,424,10,[]
468,339,401,12,[477]
469,340,199,13,[476]
470,341,260,14,[]
471,342,1,20,[]
472,343,315,9,[466]
473,343,340,18,[]
474,343,460,14,[482]
475,344,35,13,[]
476,344,190,23,[469]
477,345,398,9,[468]
478,348,60,14,[480]
479,352,449,14,[]
480,353,65,14,[478]
481,353,256,19,"[496, 503]"
482,353,463,17,[474]
483,354,209,12,[]
484,354,294,15,"[498, 504]"
485,354,381,12,[489]
486,356,122,13,[500]
487,356,184,5,[]
488,356,234,11,[]
489,356,389,15,[485]
490,357,107,15,[493]
491,357,282,14,"[498, 504]"
492,357,426,14,"[494, 507]"
493,358,101,16,[490]
494,358,422,17,"[492, 507]"
495,360,20,12,[]
496,360,251,12,"[481, 501, 503]"
497,361,204,10,[]
498,361,290,15,"[484, 491, 504]"
499,362,2,15,[]
500,362,124,15,[486]
501,362,247,14,"[496, 503]"
502,362,319,15,[]
503,363,250,20,"[481, 496, 501]"
504,363,291,14,"[484, 491, 498, 518]"
505,364,448,6,[508]
506,366,386,12,[]
507,366,425,18,"[492, 494]"
508,367,446,10,[505]
509,367,461,19,[510]
510,367,463,18,[509]
511,368,353,20,[519]
512,369,189,12,[]
513,369,276,16,[515]
514,372,49,27,[]
515,374,276,23,"[513, 516, 518]"
516,374,287,18,"[515, 518]"
517,376,115,20,[]
518,376,293,28,"[504, 515, 516]"
519,377,348,13,[511]
520,377,396,8,[]
521,377,463,9,[525]
522,379,63,20,[523]
523,381,57,15,[522]
524,381,360,17,[]
525,381,466,19,"[521, 532, 535, 544]"
526,382,311,18,[]
527,383,195,17,[534]
528,385,92,17,[]
529,387,76,10,[]
530,388,6,13,[]
531,388,279,18,[]
532,389,457,14,"[525, 535, 544]"
533,390,158,12,[]
534,390,189,8,[527]
535,390,459,10,"[525, 532, 544]"
536,391,392,24,[540]
537,392,58,12,[541]
538,393,24,12,[539]
539,393,35,19,"[538, 550]"
540,393,381,14,[536]
541,394,65,12,[537]
542,394,233,24,[]
543,394,309,7,[]
544,394,465,20,"[525, 532, 535]"
545,395,417,13,[]
546,396,205,21,[553]
547,396,361,17,[549]
548,397,256,12,[560]
549,397,354,15,[547]
550,400,29,7,[539]
551,401,91,11,[]
552,401,188,14,[566]
553,401,207,11,[546]
554,402,175,7,[]
555,403,146,6,"[556, 557]"
556,403,148,12,"[555, 557]"
557,403,149,11,"[555, 556]"
558,403,234,9,[]
559,404,167,5,[]
560,406,263,20,[548]
561,406,283,10,[564]
562,406,420,12,[]
563,408,60,10,[565]
564,409,292,20,[561]
565,410,60,15,"[563, 576]"
566,410,190,25,[552]
567,410,390,9,[571]
568,411,219,10,[]
569,412,248,15,[577]
570,412,450,15,[]
571,413,393,21,[567]
572,414,38,8,[]
573,414,229,26,[]
574,414,435,15,[581]
575,416,204,19,[]
576,417,68,20,[565]
577,418,243,20,[569]
578,418,345,16,[584]
579,420,297,8,[]
580,422,256,16,[583]
581,423,434,20,"[574, 587]"
582,425,136,13,[]
583,425,263,17,"[580, 590]"
584,426,348,14,[578]
585,427,171,18,[]
586,427,323,12,[589]
587,427,438,10,[581]
588,428,215,14,[]
589,428,313,19,[586]
590,429,272,22,[583]
591,430,195,12,[]
592,433,235,10,[]
593,433,251,17,[]
594,434,363,8,[598]
595,435,150,17,[]
596,437,396,21,[]
597,438,179,15,[601]
598,438,365,15,[594]
599,439,67,7,[]
600,439,222,12,[]
601,442,181,16,[597]
602,443,339,10,[]
603,443,349,6,[]
604,444,423,14,[]
605,445,278,9,[]
606,446,242,14,[]
607,448,293,9,[]
608,448,314,14,[]
609,449,164,14,[613]
610,449,446,9,[]
611,451,346,27,[618]
612,451,406,14,[]
613,452,171,11,[609]
614,452,199,13,[]
615,453,331,13,[616]
616,454,326,13,[615]
617,455,126,9,"[619, 620, 622]"
618,455,342,10,[611]
619,456,121,22,"[617, 620, 622]"
620,456,135,23,"[617, 619, 621, 622]"
621,456,138,14,[620]
622,459,129,7,"[617, 619, 620]"
623,459,441,18,[]
624,460,249,17,[630]
625,462,61,26,[]
626,462,275,15,"[627, 632, 634]"
627,463,274,15,"[626, 632, 634]"
628,463,465,15,[]
629,464,176,14,[]
630,464,256,11,"[624, 639]"
631,465,211,23,"[633, 642]"
632,465,284,12,"[626, 627, 634, 643]"
633,466,218,11,[631]
634,467,281,12,"[626, 627, 632, 643]"
635,468,240,20,"[636, 639]"
636,469,245,5,"[635, 639]"
637,471,150,10,[648]
638,471,227,14,[]
639,471,251,14,"[630, 635, 636, 640, 652, 662]"
640,472,251,13,"[639, 652, 662]"
641,472,421,10,[]
642,473,201,21,"[631, 670]"
643,473,283,17,"[632, 634]"
644,475,173,6,[]
645,476,13,13,[]
646,476,82,24,"[661, 663]"
647,476,434,19,"[656, 666]"
648,477,152,22,[637]
649,477,353,18,"[650, 655, 664]"
650,478,346,11,"[649, 655]"
651,479,32,18,[]
652,479,250,18,"[639, 640, 662]"
653,480,107,8,[]
654,480,123,22,[]
655,480,351,19,"[649, 650, 664]"
656,480,440,19,"[647, 666, 667, 668]"
657,481,140,11,[]
658,481,311,18,[]
659,482,58,8,[660]
660,482,60,12,[659]
661,482,76,16,"[646, 663]"
662,482,250,23,"[639, 640, 652, 672]"
663,483,84,17,"[646, 661]"
664,483,358,5,"[649, 655]"
665,484,164,12,[]
666,485,433,27,"[647, 656, 668]"
667,485,446,6,[656]
668,486,439,5,"[656, 666]"
669,486,460,26,[]
670,488,194,21,[642]
671,489,11,16,[]
672,490,260,14,"[662, 679]"
673,492,324,12,[]
674,493,18,5,[]
675,493,146,20,[]
676,494,362,20,[]
677,497,283,13,[]
678,497,405,14,[]
679,498,256,14,[672]
680,499,213,12,[]
681,500,76,13,[]
682,500,319,12,[]
683,501,464,9,[]
684,503,186,10,"[685, 688, 690]"
685,504,184,23,"[684, 688, 690]"
686,504,227,15,[]
687,504,388,18,[]
688,505,195,17,"[684, 685, 690]"
689,507,280,15,[693]
690,508,188,19,"[684, 685, 688]"
691,508,453,21,[]
692,509,207,9,[]
693,509,292,20,[689]
694,510,363,7,[]
695,510,432,12,[]
696,513,46,17,[699]
697,513,98,15,[705]
698,514,137,8,[]
699,516,43,14,"[696, 703]"
700,516,238,22,[]
701,518,0,9,[]
702,518,26,20,[703]
703,518,34,19,"[699, 702]"
704,521,197,20,[]
705,522,95,18,[697]
706,522,119,9,[]
707,522,179,10,[]
708,523,73,14,[]
709,523,113,5,[]
710,523,142,18,[]
711,523,397,15,[]
712,524,261,8,[]
713,527,310,9,[]
714,528,171,14,[]
715,529,360,19,"[720, 723]"
716,532,153,9,[]
717,532,300,7,[]
718,532,330,13,[]
719,535,162,26,[]
720,535,365,10,[715]
721,536,425,15,[]
722,537,289,12,"[727, 736]"
723,537,349,18,"[715, 737]"
724,537,384,12,[]
725,539,17,18,[]
726,539,133,11,[]
727,539,284,15,"[722, 736]"
728,540,175,13,[]
729,540,419,7,[]
730,541,151,15,[]
731,541,210,17,[733]
732,541,267,10,[]
733,542,213,17,[731]
734,542,239,12,[]
735,543,39,3,[]
736,543,287,16,"[722, 727]"
737,543,349,14,[723]
738,544,259,10,[]
739,546,126,4,[]
740,546,329,5,[748]
741,549,298,14,[747]
742,550,32,8,[]
743,550,417,24,[744]
744,550,426,18,[743]
745,551,53,17,[]
746,551,396,15,[]
747,552,308,20,[741]
748,552,337,23,"[740, 752, 759]"
749,553,99,26,[]
750,553,117,10,[]
751,554,159,14,[]
752,554,332,10,[748]
753,554,438,11,[]
754,555,264,6,[]
755,555,286,11,[]
756,557,178,8,[]
757,557,253,8,[]
758,558,145,12,[]
759,559,352,20,"[748, 767]"
760,560,16,11,[]
761,560,39,12,[]
762,560,234,16,[]
763,561,368,23,[]
764,563,88,18,[]
765,563,155,12,[]
766,563,389,15,[768]
767,565,346,15,[759]
768,565,385,16,"[766, 774]"
769,566,103,10,[]
770,566,133,13,[]
771,568,296,7,[]
772,569,5,13,[]
773,569,76,9,[]
774,569,385,8,[768]
775,570,201,22,[779]
776,570,317,18,[]
777,571,448,17,[]
778,571,465,23,[784]
779,572,201,19,[775]
780,573,332,13,[787]
781,573,408,16,[]
782,574,36,11,[786]
783,576,140,11,[]
784,576,466,13,[778]
785,577,17,14,[]
786,577,30,13,[782]
787,577,330,19,[780]
788,578,52,23,"[790, 791]"
789,578,293,15,"[792, 794]"
790,579,65,14,"[788, 791, 799]"
791,579,65,15,"[788, 790, 799]"
792,580,283,22,"[789, 797]"
793,581,125,21,[796]
794,581,298,17,[789]
795,582,107,4,[]
796,582,131,12,[793]
797,583,272,23,"[792, 802]"
798,583,421,17,[]
799,584,71,15,"[790, 791]"
800,589,346,10,[]
801,591,226,22,[]
802,592,271,12,"[797, 818]"
803,593,94,17,[813]
804,593,369,18,[]
805,593,396,20,[819]
806,594,50,15,[807]
807,595,43,11,[806]
808,595,292,12,[809]
809,596,295,10,[808]
810,596,453,19,[]
811,597,214,9,[]
812,599,181,13,[]
813,600,99,13,"[803, 826]"
814,600,230,3,[817]
815,601,337,21,[820]
816,602,200,14,[]
817,602,233,14,[814]
818,602,271,21,[802]
819,602,388,21,[805]
820,604,344,15,[815]
821,605,437,17,[]
822,606,79,3,[]
823,606,114,6,[]
824,608,287,23,[]
825,608,452,9,[]
826,609,97,20,"[813, 831]"
827,609,308,17,[]
828,610,3,8,[]
829,611,141,12,[832]
830,613,446,9,[]
831,614,93,9,[826]
832,615,141,13,[829]
833,615,222,16,[]
834,615,343,8,[]
835,616,112,10,[]
836,616,450,7,[]
837,617,45,15,[]
838,617,69,19,[]
839,617,295,6,[]
840,617,409,19,[]
841,618,7,9,[]
842,618,186,11,[]
843,618,208,8,[]
844,618,384,22,[848]
845,618,464,9,[]
846,619,436,21,[]
847,621,307,7,[855]
848,621,376,17,[844]
849,623,155,14,[]
850,624,35,11,[]
851,624,180,8,[]
852,624,348,10,[]
853,625,20,22,[857]
854,627,132,10,[863]
855,627,309,21,"[847, 859, 866]"
856,628,56,13,[]
857,629,17,20,[853]
858,630,274,16,[]
859,630,302,25,[855]
860,630,458,9,[]
861,631,98,12,[]
862,631,365,9,[]
863,633,126,16,[854]
864,634,141,13,[871]
865,634,236,17,[]
866,634,312,13,[855]
867,635,206,18,"[874, 877, 878]"
868,636,182,7,[880]
869,636,256,13,"[873, 884]"
870,636,433,15,[]
871,637,142,14,[864]
872,637,393,13,[]
873,639,253,6,"[869, 884]"
874,640,206,22,"[867, 895, 877, 878]"
875,640,282,14,[]
876,640,349,4,[]
877,643,206,15,"[867, 874, 895, 878]"
878,643,209,17,"[867, 874, 895, 877]"
879,643,304,7,[]
880,644,184,18,"[868, 886, 891]"
881,644,354,6,[]
882,645,35,13,[]
883,645,110,17,[]
884,645,254,18,"[869, 873]"
885,645,296,13,[]
886,646,193,15,[880]
887,646,236,12,[]
888,647,21,19,[890]
889,647,218,11,[]
890,648,17,17,[888]
891,648,179,17,"[896, 880]"
892,649,87,6,[]
893,649,136,16,[]
894,650,154,13,[]
895,650,210,13,"[874, 877, 878]"
896,651,173,18,[891]
897,652,371,14,[]
898,655,204,15,[]
899,656,68,18,[901]
900,656,234,15,"[907, 915]"
901,657,78,12,[899]
902,658,98,5,[905]
903,658,266,14,[911]
904,658,277,9,[]
905,659,101,15,[902]
906,659,222,17,[]
907,660,244,16,[900]
908,660,429,13,[]
909,661,311,5,[]
910,662,134,7,[]
911,662,257,15,[903]
912,664,408,20,[919]
913,665,166,18,[927]
914,667,193,17,[]
915,667,232,16,[900]
916,667,366,17,[922]
917,668,286,11,[]
918,668,443,9,[]
919,669,402,12,[912]
920,670,108,17,[932]
921,670,200,6,[]
922,670,367,20,"[916, 929, 934, 936]"
923,671,16,16,[930]
924,671,26,12,[930]
925,672,68,15,[]
926,675,85,16,[]
927,675,170,15,"[913, 928]"
928,675,174,11,[927]
929,675,361,9,[922]
930,676,20,12,"[923, 924]"
931,677,414,8,[]
932,678,108,8,[920]
933,680,270,15,[937]
934,680,370,22,"[922, 936]"
935,682,14,9,[]
936,682,370,12,"[922, 934]"
937,683,260,18,[933]
938,684,40,8,[]
939,685,227,13,[]
940,686,333,16,[]
941,687,379,11,[]
942,690,26,11,[]
943,690,355,12,[947]
944,691,5,9,[]
945,691,393,8,[955]
946,694,239,7,[]
947,694,351,8,[943]
948,694,406,6,[]
949,697,20,13,[]
950,697,41,9,[]
951,697,195,6,[]
952,697,211,6,[]
953,698,129,18,"[957, 959]"
954,698,159,13,[]
955,698,394,17,[945]
956,699,316,5,[]
957,700,121,13,"[953, 959]"
958,703,329,6,[]
959,704,119,14,"[953, 957]"
960,708,268,13,[966]
961,709,55,13,[]
962,709,160,18,[]
963,709,455,14,[]
964,710,83,21,[]
965,710,256,12,[966]
966,710,259,19,"[960, 965]"
967,710,372,16,[]
968,711,133,17,"[970, 974, 977]"
969,711,227,13,[]
970,713,139,17,[968]
971,713,175,11,[]
972,713,407,8,[]
973,714,115,15,[]
974,714,127,18,"[968, 977]"
975,714,203,8,[]
976,714,290,17,[]
977,715,128,10,"[968, 974]"
978,716,19,14,[]
979,718,168,11,[]
980,719,237,23,[]
981,720,209,24,[984]
982,721,40,22,[985]
983,721,441,6,[]
984,722,199,14,"[981, 988]"
985,724,42,14,[982]
986,724,324,6,[]
987,725,147,7,[]
988,725,201,11,[984]
989,727,435,12,[]
990,727,449,12,[]
991,728,8,8,[]
992,728,327,9,[]
993,729,193,12,[995]
994,729,219,11,[1005]
995,730,188,21,[993]
996,730,388,11,[1003]
997,731,27,14,[1002]
998,731,374,12,[]
999,732,75,18,[]
1000,732,462,8,[]
1001,733,415,9,[]
1002,734,19,14,[997]
1003,734,387,17,[996]
1004,735,214,10,[1005]
1005,735,220,21,"[994, 1004]"
1006,735,262,23,[]
1007,736,175,20,[]
1008,738,454,13,[1015]
1009,739,137,18,[]
1010,740,323,13,[]
1011,741,109,12,[]
1012,741,235,13,[]
1013,741,278,9,[1020]
1014,743,404,12,[1018]
1015,743,459,21,[1008]
1016,744,343,5,[]
1017,744,378,8,[]
1018,745,397,12,[1014]
1019,746,248,11,[]
1020,746,284,18,[1013]
1021,750,30,10,[]
1022,751,142,13,[]
1023,751,294,11,[]
1024,753,231,9,[]
1025,754,436,13,[1027]
1026,755,119,13,[1032]
1027,755,435,14,[1025]
1028,757,347,11,[]
1029,757,409,14,[1030]
1030,758,415,15,[1029]
1031,760,249,7,[]
1032,761,128,19,[1026]
1033,761,284,13,[]
1034,766,74,17,[1036]
1035,768,57,8,[1036]
1036,769,65,19,"[1034, 1035, 1037]"
1037,772,67,10,[1036]
1038,772,398,8,[1043]
1039,773,184,15,[]
1040,773,383,20,[]
1041,773,454,8,[]
1042,774,357,7,[]
1043,774,398,24,"[1038, 1054]"
1044,774,415,14,[]
1045,775,5,14,"[1047, 1056, 1058]"
1046,775,251,14,[1048]
1047,776,7,12,"[1045, 1056, 1058]"
1048,776,249,23,[1046]
1049,777,94,7,[1055]
1050,777,161,12,[]
1051,777,306,9,[1053]
1052,779,130,15,[]
1053,779,303,8,"[1051, 1063]"
1054,779,403,13,[1043]
1055,780,96,17,[1049]
1056,782,0,12,"[1045, 1047]"
1057,782,440,10,[1061]
1058,783,16,20,"[1045, 1047, 1070]"
1059,784,204,11,[]
1060,785,146,7,[]
1061,785,436,14,[1057]
1062,787,277,13,[1068]
1063,787,298,19,"[1053, 1065]"
1064,788,52,12,[]
1065,788,309,21,[1063]
1066,791,181,25,[1074]
1067,791,368,13,[1071]
1068,792,273,11,[1062]
1069,792,332,19,[1072]
1070,793,23,18,[1058]
1071,794,378,21,[1067]
1072,796,322,17,[1069]
1073,797,346,18,[]
1074,798,189,14,[1066]
1075,798,464,15,[1076]
1076,799,456,11,[1075]
1077,804,288,22,[]
1078,806,270,13,[]
1079,808,57,6,[1085]
1080,808,399,12,[]
1081,809,84,21,[1093]
1082,809,420,18,"[1084, 1088]"
1083,810,195,13,[]
1084,810,416,16,[1082]
1085,811,57,15,[1079]
1086,811,132,14,[]
1087,812,377,11,[]
1088,812,428,15,[1082]
1089,814,352,17,[]
1090,817,176,12,[1094]
1091,818,10,11,[]
1092,818,409,12,[]
1093,820,85,11,[1081]
1094,820,180,13,[1090]
1095,820,216,19,[1097]
1096,821,279,18,[1098]
1097,824,224,26,"[1095, 1101]"
1098,824,283,14,[1096]
1099,824,380,19,[]
1100,825,235,4,[]
1101,826,228,11,[1097]
1102,829,250,9,[]
1103,829,353,12,[]
1104,830,17,16,"[1108, 1114]"
1105,830,324,21,[]
1106,832,37,14,"[1107, 1112]"
1107,833,45,17,[1106]
1108,835,21,8,"[1104, 1114]"
1109,835,167,14,[]
1110,836,146,21,[1117]
1111,836,421,12,[]
1112,838,30,15,[1106]
1113,839,4,17,[]
1114,839,17,16,"[1104, 1108, 1120, 1125, 1126]"
1115,839,197,21,[1122]
1116,840,248,15,[1124]
1117,841,149,20,[1110]
1118,841,267,17,[]
1119,842,207,7,[1122]
1120,843,18,26,"[1114, 1125, 1126]"
1121,843,41,13,[1131]
1122,843,203,13,"[1115, 1119]"
1123,843,337,7,"[1133, 1134]"
1124,844,244,15,"[1116, 1132]"
1125,845,18,13,"[1114, 1120, 1126]"
1126,846,22,15,"[1114, 1120, 1125]"
1127,846,184,13,[1140]
1128,846,375,19,[]
1129,847,403,6,[]
1130,849,390,16,[1141]
1131,850,42,16,"[1121, 1136, 1142]"
1132,850,246,13,"[1124, 1146]"
1133,850,336,12,"[1123, 1134, 1139]"
1134,850,340,23,"[1123, 1133, 1135, 1139]"
1135,850,352,15,"[1134, 1139]"
1136,851,51,12,"[1131, 1142]"
1137,851,129,14,[]
1138,851,231,20,[]
1139,851,346,19,"[1133, 1134, 1135]"
1140,852,186,14,"[1127, 1149]"
1141,853,390,14,[1130]
1142,854,51,20,"[1131, 1136]"
1143,854,280,19,[]
1144,855,80,17,[1152]
1145,855,103,17,[1153]
1146,856,249,11,[1132]
1147,857,367,5,[]
1148,859,166,22,[]
1149,859,190,21,[1140]
1150,861,212,19,[1161]
1151,861,407,7,[]
1152,863,73,9,"[1144, 1159]"
1153,863,99,18,[1145]
1154,863,271,10,[]
1155,864,291,16,[]
1156,864,382,8,[]
1157,865,33,14,[]
1158,866,347,10,[1167]
1159,867,74,13,[1152]
1160,868,43,13,[1166]
1161,869,206,11,"[1150, 1173]"
1162,869,444,10,[1164]
1163,870,411,13,[]
1164,871,444,13,[1162]
1165,871,461,10,[1174]
1166,872,49,19,[1160]
1167,872,349,11,"[1158, 1170]"
1168,874,192,12,[]
1169,874,281,4,[]
1170,874,352,13,[1167]
1171,875,310,15,[]
1172,876,7,15,[]
1173,876,205,13,[1161]
1174,876,456,10,[1165]
1175,879,168,20,[]
1176,879,222,26,[1177]
1177,880,226,17,[1176]
1178,880,274,25,[]
1179,884,435,8,[]
1180,885,48,9,[]
1181,886,348,20,[]
1182,889,153,14,[]
1183,890,94,15,[1190]
1184,891,57,15,[1192]
1185,891,202,12,[]
1186,891,296,9,[]
1187,892,451,21,[1189]
1188,893,133,10,[]
1189,893,459,23,[1187]
1190,895,99,12,[1183]
1191,895,360,11,"[1193, 1199]"
1192,898,54,18,"[1184, 1201]"
1193,899,357,13,"[1191, 1199]"
1194,900,70,11,[]
1195,900,413,10,[]
1196,901,177,11,[1200]
1197,902,3,9,[]
1198,902,311,22,[]
1199,902,363,10,"[1191, 1193]"
1200,904,182,20,[1196]
1201,906,49,11,"[1192, 1205]"
1202,908,208,25,[]
1203,908,256,10,[]
1204,909,38,9,[1207]
1205,911,44,10,"[1201, 1207]"
1206,912,124,22,[]
1207,913,37,12,"[1204, 1205]"
1208,913,108,12,[]
1209,914,278,19,[]
1210,914,310,13,[]
1211,921,48,15,"[1216, 1218]"
1212,921,205,8,[]
1213,923,62,21,"[1218, 1222]"
1214,923,188,20,[]
1215,923,244,12,[]
1216,925,46,19,"[1211, 1218]"
1217,926,377,2,[]
1218,927,52,12,"[1211, 1213, 1216]"
1219,927,226,8,[1223]
1220,928,31,7,[]
1221,928,424,18,[]
1222,929,72,14,"[1213, 1226]"
1223,930,219,14,"[1219, 1237]"
1224,933,294,17,[1230]
1225,933,397,18,[]
1226,934,79,13,[1222]
1227,934,172,18,[1242]
1228,935,109,14,[]
1229,935,231,7,"[1233, 1237]"
1230,935,291,14,"[1224, 1247]"
1231,936,123,16,[1232]
1232,936,129,8,[1231]
1233,937,238,15,"[1229, 1237]"
1234,938,146,12,"[1235, 1245]"
1235,938,148,21,"[1234, 1245]"
1236,938,196,20,[]
1237,938,227,15,"[1223, 1229, 1233]"
1238,939,251,20,"[1243, 1246]"
1239,939,332,9,[]
1240,939,459,6,[]
1241,941,100,15,[]
1242,941,180,20,[1227]
1243,941,255,11,"[1238, 1246]"
1244,942,88,15,[]
1245,942,140,12,"[1234, 1235]"
1246,943,258,8,"[1238, 1243, 1248]"
1247,943,288,13,[1230]
1248,944,262,8,[1246]
1249,945,13,14,[]
1250,946,314,10,[1258]
1251,947,415,18,[1253]
1252,948,238,14,[]
1253,948,409,21,[1251]
1254,949,46,11,[1267]
1255,949,224,26,[1259]
1256,949,269,12,"[1257, 1263]"
1257,950,271,18,"[1256, 1263]"
1258,951,314,23,"[1250, 1264, 1270, 1273]"
1259,952,220,11,[1255]
1260,953,205,5,[]
1261,954,105,6,[]
1262,954,122,6,[1266]
1263,954,272,14,"[1256, 1257, 1279]"
1264,954,325,20,"[1258, 1270]"
1265,955,46,4,[1267]
1266,955,120,11,[1262]
1267,956,49,15,"[1254, 1265, 1277]"
1268,957,33,10,"[1272, 1276, 1284]"
1269,957,296,15,[]
1270,957,323,12,"[1258, 1264]"
1271,958,18,16,"[1272, 1284]"
1272,958,28,16,"[1268, 1271, 1276, 1284]"
1273,958,310,10,[1258]
1274,958,450,25,[1281]
1275,959,368,20,[]
1276,960,35,11,"[1268, 1272]"
1277,962,46,12,[1267]
1278,962,220,8,[]
1279,962,279,13,"[1263, 1285]"
1280,962,400,11,[]
1281,962,456,11,[1274]
1282,963,204,12,[]
1283,964,127,12,[]
1284,965,22,28,"[1268, 1271, 1272, 1286, 1289]"
1285,965,284,4,[1279]
1286,969,9,17,[1284]
1287,972,310,14,[1290]
1288,976,457,11,[]
1289,977,25,16,"[1284, 1294]"
1290,978,304,19,[1287]
1291,978,384,16,[]
1292,978,435,11,[]
1293,979,221,6,[1303]
1294,980,20,9,[1289]
1295,981,37,12,[]
1296,982,71,9,[]
1297,982,408,8,[]
1298,983,117,22,[1302]
1299,984,86,15,[]
1300,986,158,26,[]
1301,986,278,16,[1304]
1302,987,115,28,[1298]
1303,987,216,19,[1293]
1304,989,286,13,[1301]
1305,992,373,13,[]
1306,995,4,11,[]
1307,995,69,3,[]
1308,1000,232,14,[]
1309,1000,340,19,[]
1310,1000,433,18,"[1319, 1322]"
1311,1002,396,20,[1312]
1312,1002,396,17,[1311]
1313,1004,125,19,"[1323, 1326]"
1314,1005,38,13,[]
1315,1005,372,14,[]
1316,1006,59,17,[1331]
1317,1006,111,12,[]
1318,1006,159,18,[]
1319,1007,432,23,"[1310, 1322]"
1320,1007,465,12,[]
1321,1008,171,15,[]
1322,1008,427,22,"[1310, 1319]"
1323,1009,133,11,"[1313, 1326, 1328]"
1324,1010,28,9,[]
1325,1010,264,8,[]
1326,1011,130,17,"[1313, 1323, 1328, 1338]"
1327,1012,340,22,[]
1328,1013,132,9,"[1323, 1326, 1338]"
1329,1013,200,10,[]
1330,1013,250,10,[]
1331,1016,59,12,[1316]
1332,1017,20,15,[]
1333,1017,378,13,[1336]
1334,1018,141,11,[]
1335,1018,259,15,[1341]
1336,1020,372,13,[1333]
1337,1020,416,8,[]
1338,1022,124,23,"[1326, 1328, 1343]"
1339,1022,461,14,[]
1340,1024,182,20,[]
1341,1026,267,18,"[1335, 1346, 1354]"
1342,1028,227,17,[]
1343,1029,112,19,[1338]
1344,1029,333,9,[]
1345,1030,348,10,[]
1346,1031,260,11,[1341]
1347,1031,441,18,"[1355, 1357]"
1348,1033,21,23,"[1349, 1356, 1364]"
1349,1033,23,17,[1348]
1350,1033,80,11,[1358]
1351,1033,125,7,[]
1352,1033,181,5,[]
1353,1033,239,15,[]
1354,1033,277,19,[1341]
1355,1033,431,23,"[1347, 1357]"
1356,1035,15,8,"[1348, 1364]"
1357,1036,444,14,"[1347, 1355]"
1358,1037,85,19,[1350]
1359,1037,201,14,[]
1360,1037,255,13,[]
1361,1038,329,14,[]
1362,1039,230,6,[]
1363,1039,383,7,[]
1364,1040,17,11,"[1348, 1356, 1370]"
1365,1043,295,20,[]
1366,1044,398,19,"[1367, 1376]"
1367,1044,400,15,"[1366, 1376]"
1368,1045,114,10,[]
1369,1045,336,8,[]
1370,1046,18,6,[1364]
1371,1047,43,12,[]
1372,1048,230,14,[]
1373,1050,98,12,[]
1374,1050,444,20,[1379]
1375,1052,324,15,[]
1376,1052,396,14,"[1366, 1367]"
1377,1053,87,12,[]
1378,1053,306,14,[1391]
1379,1054,444,12,[1374]
1380,1055,19,12,[1385]
1381,1057,52,9,[]
1382,1057,281,8,[]
1383,1058,119,6,[]
1384,1058,370,5,[]
1385,1059,26,15,[1380]
1386,1059,195,13,[]
1387,1059,366,4,[]
1388,1061,215,15,[]
1389,1061,341,6,[]
1390,1061,414,14,[]
1391,1063,309,20,"[1378, 1393]"
1392,1064,102,18,[]
1393,1064,305,14,[1391]
1394,1065,351,8,[1397]
1395,1066,193,6,[]
1396,1066,246,26,[]
1397,1067,350,13,[1394]
1398,1068,453,14,[]
1399,1070,331,18,[1408]
1400,1071,230,12,[]
1401,1071,293,12,[]
1402,1071,394,18,[]
1403,1072,363,17,[]
1404,1073,6,9,[]
1405,1074,465,11,[1410]
1406,1075,134,12,[]
1407,1076,42,19,[1416]
1408,1076,337,15,[1399]
1409,1076,411,18,[]
1410,1076,467,11,[1405]
1411,1077,376,9,[]
1412,1078,148,8,[]
1413,1080,187,12,[]
1414,1081,278,9,[]
1415,1081,457,11,[]
1416,1083,42,13,"[1407, 1425]"
1417,1083,306,19,"[1418, 1428]"
1418,1084,303,17,"[1417, 1428]"
1419,1085,33,7,[1425]
1420,1087,170,5,[]
1421,1087,421,15,"[1422, 1423]"
1422,1087,430,18,[1421]
1423,1088,417,6,[1421]
1424,1089,222,9,[1427]
1425,1090,39,20,"[1416, 1419]"
1426,1090,154,15,[]
1427,1090,221,18,[1424]
1428,1090,305,8,"[1417, 1418]"
1429,1093,358,12,[]
1430,1094,114,13,[]
1431,1098,130,14,[]
1432,1098,406,20,[1438]
1433,1099,392,14,[1438]
1434,1099,451,14,[]
1435,1101,333,17,[]
1436,1103,218,15,[]
1437,1104,264,7,[]
1438,1104,397,16,"[1432, 1433, 1445]"
1439,1106,5,15,[1442]
1440,1106,20,15,"[1441, 1442, 1443]"
1441,1108,28,15,"[1440, 1443]"
1442,1109,11,14,"[1439, 1440]"
1443,1109,29,15,"[1440, 1441]"
1444,1109,115,24,[]
1445,1109,399,5,[1438]
1446,1110,64,19,[1450]
1447,1112,130,9,[]
1448,1113,284,9,[]
1449,1113,305,20,[1460]
1450,1115,69,16,"[1446, 1464, 1467]"
1451,1115,150,12,[]
1452,1115,238,19,[1457]
1453,1115,341,12,[1458]
1454,1115,367,9,[]
1455,1116,51,9,[]
1456,1116,436,19,"[1462, 1465]"
1457,1117,232,21,[1452]
1458,1117,340,16,[1453]
1459,1118,451,22,[]
1460,1121,304,12,[1449]
1461,1122,79,5,[]
1462,1122,435,16,"[1456, 1465]"
1463,1123,14,14,[1466]
1464,1123,67,15,"[1450, 1467, 1468, 1469]"
1465,1123,430,26,"[1456, 1462]"
1466,1124,8,10,[1463]
1467,1124,69,8,"[1450, 1464, 1468, 1469]"
1468,1124,72,3,"[1464, 1467]"
1469,1128,65,18,"[1464, 1467]"
1470,1129,244,6,[]
1471,1131,34,11,[]
1472,1131,112,14,[]
1473,1131,223,20,[]
1474,1131,391,12,[]
1475,1132,7,14,[]
1476,1132,315,16,[1488]
1477,1134,97,13,[1490]
1478,1134,149,11,"[1482, 1485]"
1479,1134,255,16,[]
1480,1136,418,12,[1484]
1481,1137,136,11,[]
1482,1138,153,12,"[1478, 1485]"
1483,1139,299,12,[1488]
1484,1139,413,10,[1480]
1485,1140,155,14,"[1478, 1482, 1498]"
1486,1140,444,15,[]
1487,1142,306,6,[1488]
1488,1142,307,19,"[1476, 1483, 1487]"
1489,1143,69,22,[1500]
1490,1143,88,19,"[1477, 1491]"
1491,1144,90,11,[1490]
1492,1144,234,6,[]
1493,1144,388,15,[]
1494,1146,36,17,[]
1495,1147,173,9,[]
1496,1147,343,8,[]
1497,1149,352,26,[]
1498,1150,157,17,"[1485, 1507, 1510]"
1499,1150,284,16,[1503]
1500,1151,68,15,"[1489, 1502]"
1501,1151,371,10,[1508]
1502,1154,63,14,[1500]
1503,1157,285,15,[1499]
1504,1158,408,10,[1505]
1505,1158,411,6,[1504]
1506,1159,362,17,[]
1507,1160,163,21,"[1498, 1510]"
1508,1160,376,21,[1501]
1509,1162,18,20,[]
1510,1162,155,19,"[1498, 1507, 1520]"
1511,1164,32,11,[]
1512,1164,233,21,[1514]
1513,1164,323,13,[]
1514,1166,235,21,"[1512, 1524]"
1515,1168,180,12,[]
1516,1169,391,17,[]
1517,1170,96,11,[]
1518,1170,135,10,[]
1519,1170,171,13,[1523]
1520,1172,154,20,[1510]
1521,1172,361,13,[]
1522,1173,12,15,[1529]
1523,1173,169,8,[1519]
1524,1174,236,7,[1514]
1525,1175,445,8,[]
1526,1177,35,15,[1534]
1527,1178,199,17,[]
1528,1178,318,10,[1531]
1529,1179,2,21,[1522]
1530,1179,131,24,[]
1531,1179,311,20,[1528]
1532,1181,171,12,[]
1533,1181,209,11,[]
1534,1182,26,18,[1526]
1535,1184,403,8,[]
1536,1185,49,11,[1537]
1537,1185,55,11,[1536]
1538,1185,101,6,[1544]
1539,1185,120,10,[]
1540,1185,261,20,[]
1541,1186,94,12,[1544]
1542,1186,217,12,[]
1543,1187,17,10,[1551]
1544,1187,98,14,"[1538, 1541]"
1545,1187,270,8,[]
1546,1187,383,9,[]
1547,1187,445,20,"[1550, 1553, 1556, 1559]"
1548,1188,199,7,[1554]
1549,1188,320,10,[]
1550,1190,449,12,"[1547, 1553, 1556, 1559, 1563]"
1551,1191,16,17,"[1543, 1557]"
1552,1192,191,12,[]
1553,1192,439,28,"[1547, 1550, 1556, 1559]"
1554,1193,202,12,[1548]
1555,1194,95,8,[1558]
1556,1194,441,16,"[1547, 1550, 1553, 1559]"
1557,1196,23,18,[1551]
1558,1196,96,12,[1555]
1559,1196,441,18,"[1547, 1550, 1553, 1556]"
1560,1197,243,19,[1561]
1561,1198,231,21,[1560]
1562,1198,328,19,[1564]
1563,1199,453,16,"[1550, 1567]"
1564,1200,334,14,"[1562, 1571]"
1565,1200,352,14,"[1566, 1571]"
1566,1200,353,10,[1565]
1567,1200,455,7,[1563]
1568,1202,10,11,[]
1569,1202,52,13,[1580]
1570,1202,62,9,[1581]
1571,1202,342,20,"[1564, 1565]"
1572,1202,392,12,[1579]
1573,1203,294,8,[1574]
1574,1203,300,18,"[1573, 1582]"
1575,1204,166,14,[]
1576,1205,460,11,[]
1577,1206,261,18,[1578]
1578,1206,265,9,[1577]
1579,1206,392,18,[1572]
1580,1208,54,16,"[1569, 1581]"
1581,1209,66,19,"[1570, 1580, 1584]"
1582,1209,305,17,"[1574, 1587]"
1583,1213,113,8,[]
1584,1216,76,15,[1581]
1585,1217,38,19,[1597]
1586,1217,96,13,[]
1587,1217,300,20,"[1582, 1601]"
1588,1217,434,9,[]
1589,1218,1,20,[]
1590,1218,322,8,[]
1591,1219,364,12,"[1592, 1593]"
1592,1220,365,23,"[1591, 1593]"
1593,1221,367,11,"[1591, 1592]"
1594,1222,155,8,[]
1595,1223,22,12,[1597]
1596,1223,328,12,[]
1597,1224,29,18,"[1585, 1595]"
1598,1224,129,11,[]
1599,1224,187,10,[]
1600,1224,405,23,[]
1601,1226,308,17,"[1587, 1602]"
1602,1227,312,8,[1601]
1603,1227,451,15,[]
1604,1229,13,7,[]
1605,1230,213,15,[]
1606,1231,362,11,[1611]
1607,1233,419,25,[1615]
1608,1235,35,11,[]
1609,1236,75,16,[]
1610,1236,226,13,[]
1611,1236,367,15,[1606]
1612,1237,5,7,[1618]
1613,1237,254,9,[]
1614,1238,199,18,[1621]
1615,1238,421,9,[1607]
1616,1240,176,18,[]
1617,1240,334,12,[]
1618,1241,10,12,[1612]
1619,1241,278,16,[]
1620,1244,106,12,[]
1621,1245,208,21,"[1614, 1629]"
1622,1245,404,13,[]
1623,1247,243,10,[1630]
1624,1247,365,7,[]
1625,1248,167,17,[]
1626,1250,224,7,[]
1627,1252,76,15,[1634]
1628,1252,97,11,[1635]
1629,1254,201,17,"[1621, 1636]"
1630,1254,241,13,[1623]
1631,1256,380,18,[1645]
1632,1257,310,9,[]
1633,1258,127,9,[]
1634,1259,76,19,[1627]
1635,1259,101,16,[1628]
1636,1260,194,12,"[1629, 1639]"
1637,1260,397,24,[]
1638,1261,166,4,[1644]
1639,1261,187,10,[1636]
1640,1262,247,14,[]
1641,1262,447,22,[1650]
1642,1263,93,13,[]
1643,1263,273,19,[]
1644,1264,169,14,"[1638, 1654, 1658]"
1645,1264,386,15,[1631]
1646,1264,427,13,[]
1647,1265,136,19,"[1651, 1652]"
1648,1266,22,5,[]
1649,1266,155,11,[1652]
1650,1266,448,17,[1641]
1651,1267,136,8,[1647]
1652,1267,148,14,"[1647, 1649]"
1653,1267,205,11,[]
1654,1268,169,9,"[1644, 1658]"
1655,1269,38,21,[1663]
1656,1269,363,8,[1662]
1657,1270,461,17,[1674]
1658,1271,168,10,"[1644, 1654]"
1659,1271,327,14,[1667]
1660,1272,8,7,[1670]
1661,1273,312,12,"[1665, 1666]"
1662,1273,365,15,"[1656, 1673]"
1663,1274,31,14,[1655]
1664,1274,285,13,[1669]
1665,1274,305,14,"[1661, 1666]"
1666,1274,308,18,"[1661, 1665]"
1667,1274,333,13,[1659]
1668,1275,86,11,[1678]
1669,1275,286,14,[1664]
1670,1276,5,19,"[1660, 1672, 1681]"
1671,1277,139,8,[]
1672,1278,15,15,[1670]
1673,1279,361,18,"[1662, 1680]"
1674,1280,456,14,"[1657, 1686]"
1675,1282,240,13,[]
1676,1283,278,12,[1679]
1677,1283,401,23,[]
1678,1284,88,13,[1668]
1679,1285,279,11,[1676]
1680,1285,363,14,[1673]
1681,1287,1,18,"[1670, 1687]"
1682,1287,204,18,[]
1683,1287,229,8,[]
1684,1288,117,17,[1688]
1685,1289,293,3,[]
1686,1289,451,18,"[1674, 1690, 1695]"
1687,1290,0,11,[1681]
1688,1290,119,19,[1684]
1689,1290,187,17,[]
1690,1290,447,10,[1686]
1691,1291,24,14,[]
1692,1292,424,9,[]
1693,1295,169,15,[1705]
1694,1296,252,17,[]
1695,1297,443,16,[1686]
1696,1299,127,16,[1706]
1697,1300,146,16,[1699]
1698,1300,296,20,[]
1699,1301,157,22,"[1697, 1700, 1705]"
1700,1302,159,15,"[1699, 1705]"
1701,1303,195,11,[]
1702,1303,276,10,[1707]
1703,1303,428,17,[]
1704,1304,79,9,[]
1705,1306,170,23,"[1693, 1699, 1700, 1708]"
1706,1307,128,12,[1696]
1707,1307,269,20,[1702]
1708,1308,181,12,[1705]
1709,1308,206,16,[]
1710,1311,304,6,[]
1711,1312,291,15,[]
1712,1315,189,13,[]
1713,1316,119,12,[]
1714,1317,465,6,[]
1715,1318,163,5,[]
1716,1318,262,14,[1731]
1717,1319,132,13,[]
1718,1319,384,16,[]
1719,1319,392,7,[]
1720,1319,404,9,[1729]
1721,1321,441,9,[1724]
1722,1322,105,18,[1730]
1723,1322,421,13,[]
1724,1323,448,21,[1721]
1725,1323,460,12,[]
1726,1324,24,17,[1727]
1727,1324,30,16,[1726]
1728,1324,71,7,[]
1729,1324,402,14,[1720]
1730,1326,106,20,[1722]
1731,1326,259,27,[1716]
1732,1327,58,13,[]
1733,1328,300,17,[]
1734,1331,159,17,[1739]
1735,1334,74,9,[]
1736,1335,193,21,[1746]
1737,1337,366,19,[1748]
1738,1338,6,7,[]
1739,1338,157,13,[1734]
1740,1338,210,19,[1746]
1741,1339,114,11,[]
1742,1339,452,8,[1749]
1743,1340,398,21,[]
1744,1341,138,24,[1750]
1745,1342,58,15,[]
1746,1342,204,15,"[1736, 1740]"
1747,1342,329,12,[]
1748,1342,355,11,"[1737, 1752]"
1749,1342,454,9,[1742]
1750,1343,134,15,"[1744, 1757]"
1751,1343,233,21,[]
1752,1343,354,14,[1748]
1753,1344,15,14,[1760]
1754,1347,40,4,[]
1755,1347,257,14,[1771]
1756,1348,101,17,[1775]
1757,1348,130,5,[1750]
1758,1348,170,6,[]
1759,1348,408,7,[]
1760,1349,20,6,[1753]
1761,1349,148,17,[]
1762,1349,158,12,[]
1763,1349,287,15,"[1764, 1769]"
1764,1350,281,11,[1763]
1765,1350,387,9,[]
1766,1350,396,10,[]
1767,1351,364,14,[]
1768,1354,8,17,[]
1769,1354,290,4,[1763]
1770,1355,188,14,[1776]
1771,1357,252,21,"[1755, 1781]"
1772,1358,445,21,[]
1773,1359,32,19,[]
1774,1359,134,7,[]
1775,1360,102,21,"[1756, 1777, 1779]"
1776,1361,181,16,[1770]
1777,1363,91,15,[1775]
1778,1363,360,18,[]
1779,1364,105,18,[1775]
1780,1365,290,15,[1782]
1781,1366,260,20,[1771]
1782,1366,296,17,[1780]
